,id,image
0,1,1.png
1,2,2.png
2,3,3.png
3,4,4.png
4,5,5.png
5,6,6.png
6,7,7.png
7,8,8.png
8,9,9.png
9,10,10.png
10,11,11.png
11,12,12.png
12,13,13.png
13,14,14.png
14,15,15.png
15,16,16.png
16,17,17.png
17,18,18.png
18,19,19.png
19,20,20.png
20,21,21.png
21,22,22.png
22,23,23.png
23,24,24.png
24,25,25.png
25,26,26.png
26,27,27.png
27,28,28.png
28,29,29.png
29,30,30.png
30,31,31.png
31,32,32.png
32,33,33.png
33,34,34.png
34,35,35.png
35,36,36.png
36,37,37.png
37,38,38.png
38,39,39.png
39,40,40.png
40,41,41.png
41,42,42.png
42,43,43.png
43,44,44.png
44,45,45.png
45,46,46.png
46,47,47.png
47,48,48.png
48,49,49.png
49,50,50.png
50,51,51.png
51,52,52.png
52,53,53.png
53,54,54.png
54,55,55.png
55,56,56.png
56,57,57.png
57,58,58.png
58,59,59.png
59,60,60.png
60,61,61.png
61,62,62.png
62,63,63.png
63,64,64.png
64,65,65.png
65,66,66.png
66,67,67.png
67,68,68.png
68,69,69.png
69,70,70.png
70,71,71.png
71,72,72.png
72,73,73.png
73,74,74.png
74,75,75.png
75,76,76.png
76,77,77.png
77,78,78.png
78,79,79.png
79,80,80.png
80,81,81.png
81,82,82.png
82,83,83.png
83,84,84.png
84,85,85.png
85,86,86.png
86,87,87.png
87,88,88.png
88,89,89.png
89,90,90.png
90,91,91.png
91,92,92.png
92,93,93.png
93,94,94.png
94,95,95.png
95,96,96.png
96,97,97.png
97,98,98.png
98,99,99.png
99,100,100.png
100,101,101.png
101,102,102.png
102,103,103.png
103,104,104.png
104,105,105.png
105,106,106.png
106,107,107.png
107,108,108.png
108,109,109.png
109,110,110.png
110,111,111.png
111,112,112.png
112,113,113.png
113,114,114.png
114,115,115.png
115,116,116.png
116,117,117.png
117,118,118.png
118,119,119.png
119,120,120.png
120,121,121.png
121,122,122.png
122,123,123.png
123,124,124.png
124,125,125.png
125,126,126.png
126,127,127.png
127,128,128.png
128,129,129.png
129,130,130.png
130,131,131.png
131,132,132.png
132,133,133.png
133,134,134.png
134,135,135.png
135,136,136.png
136,137,137.png
137,138,138.png
138,139,139.png
139,140,140.png
140,141,141.png
141,142,142.png
142,143,143.png
143,144,144.png
144,145,145.png
145,146,146.png
146,147,147.png
147,148,148.png
148,149,149.png
149,150,150.png
150,151,151.png
151,152,152.png
152,153,153.png
153,154,154.png
154,155,155.png
155,156,156.png
156,157,157.png
157,158,158.png
158,159,159.png
159,160,160.png
160,161,161.png
161,162,162.png
162,163,163.png
163,164,164.png
164,165,165.png
165,166,166.png
166,167,167.png
167,168,168.png
168,169,169.png
169,170,170.png
170,171,171.png
171,172,172.png
172,173,173.png
173,174,174.png
174,175,175.png
175,176,176.png
176,177,177.png
177,178,178.png
178,179,179.png
179,180,180.png
180,181,181.png
181,182,182.png
182,183,183.png
183,184,184.png
184,185,185.png
185,186,186.png
186,187,187.png
187,188,188.png
188,189,189.png
189,190,190.png
190,191,191.png
191,192,192.png
192,193,193.png
193,194,194.png
194,195,195.png
195,196,196.png
196,197,197.png
197,198,198.png
198,199,199.png
199,200,200.png
200,201,201.png
201,202,202.png
202,203,203.png
203,204,204.png
204,205,205.png
205,206,206.png
206,207,207.png
207,208,208.png
208,209,209.png
209,210,210.png
210,211,211.png
211,212,212.png
212,213,213.png
213,214,214.png
214,215,215.png
215,216,216.png
216,217,217.png
217,218,218.png
218,219,219.png
219,220,220.png
220,221,221.png
221,222,222.png
222,223,223.png
223,224,224.png
224,225,225.png
225,226,226.png
226,227,227.png
227,228,228.png
228,229,229.png
229,230,230.png
230,231,231.png
231,232,232.png
232,233,233.png
233,234,234.png
234,235,235.png
235,236,236.png
236,237,237.png
237,238,238.png
238,239,239.png
239,240,240.png
240,241,241.png
241,242,242.png
242,243,243.png
243,244,244.png
244,245,245.png
245,246,246.png
246,247,247.png
247,248,248.png
248,249,249.png
249,250,250.png
250,251,251.png
251,252,252.png
252,253,253.png
253,254,254.png
254,255,255.png
255,256,256.png
256,257,257.png
257,258,258.png
258,259,259.png
259,260,260.png
260,261,261.png
261,262,262.png
262,263,263.png
263,264,264.png
264,265,265.png
265,266,266.png
266,267,267.png
267,268,268.png
268,269,269.png
269,270,270.png
270,271,271.png
271,272,272.png
272,273,273.png
273,274,274.png
274,275,275.png
275,276,276.png
276,277,277.png
277,278,278.png
278,279,279.png
279,280,280.png
280,281,281.png
281,282,282.png
282,283,283.png
283,284,284.png
284,285,285.png
285,286,286.png
286,287,287.png
287,288,288.png
288,289,289.png
289,290,290.png
290,291,291.png
291,292,292.png
292,293,293.png
293,294,294.png
294,295,295.png
295,296,296.png
296,297,297.png
297,298,298.png
298,299,299.png
299,300,300.png
300,301,301.png
301,302,302.png
302,303,303.png
303,304,304.png
304,305,305.png
305,306,306.png
306,307,307.png
307,308,308.png
308,309,309.png
309,310,310.png
310,311,311.png
311,312,312.png
312,313,313.png
313,314,314.png
314,315,315.png
315,316,316.png
316,317,317.png
317,318,318.png
318,319,319.png
319,320,320.png
320,321,321.png
321,322,322.png
322,323,323.png
323,324,324.png
324,325,325.png
325,326,326.png
326,327,327.png
327,328,328.png
328,329,329.png
329,330,330.png
330,331,331.png
331,332,332.png
332,333,333.png
333,334,334.png
334,335,335.png
335,336,336.png
336,337,337.png
337,338,338.png
338,339,339.png
339,340,340.png
340,341,341.png
341,342,342.png
342,343,343.png
343,344,344.png
344,345,345.png
345,346,346.png
346,347,347.png
347,348,348.png
348,349,349.png
349,350,350.png
350,351,351.png
351,352,352.png
352,353,353.png
353,354,354.png
354,355,355.png
355,356,356.png
356,357,357.png
357,358,358.png
358,359,359.png
359,360,360.png
360,361,361.png
361,362,362.png
362,363,363.png
363,364,364.png
364,365,365.png
365,366,366.png
366,367,367.png
367,368,368.png
368,369,369.png
369,370,370.png
370,371,371.png
371,372,372.png
372,373,373.png
373,374,374.png
374,375,375.png
375,376,376.png
376,377,377.png
377,378,378.png
378,379,379.png
379,380,380.png
380,381,381.png
381,382,382.png
382,383,383.png
383,384,384.png
384,385,385.png
385,386,386.png
386,387,387.png
387,388,388.png
388,389,389.png
389,390,390.png
390,391,391.png
391,392,392.png
392,393,393.png
393,394,394.png
394,395,395.png
395,396,396.png
396,397,397.png
397,398,398.png
398,399,399.png
399,400,400.png
400,401,401.png
401,402,402.png
402,403,403.png
403,404,404.png
404,405,405.png
405,406,406.png
406,407,407.png
407,408,408.png
408,409,409.png
409,410,410.png
410,411,411.png
411,412,412.png
412,413,413.png
413,414,414.png
414,415,415.png
415,416,416.png
416,417,417.png
417,418,418.png
418,419,419.png
419,420,420.png
420,421,421.png
421,422,422.png
422,423,423.png
423,424,424.png
424,425,425.png
425,426,426.png
426,427,427.png
427,428,428.png
428,429,429.png
429,430,430.png
430,431,431.png
431,432,432.png
432,433,433.png
433,434,434.png
434,435,435.png
435,436,436.png
436,437,437.png
437,438,438.png
438,439,439.png
439,440,440.png
440,441,441.png
441,442,442.png
442,443,443.png
443,444,444.png
444,445,445.png
445,446,446.png
446,447,447.png
447,448,448.png
448,449,449.png
449,450,450.png
450,451,451.png
451,452,452.png
452,453,453.png
453,454,454.png
454,455,455.png
455,456,456.png
456,457,457.png
457,458,458.png
458,459,459.png
459,460,460.png
460,461,461.png
461,462,462.png
462,463,463.png
463,464,464.png
464,465,465.png
465,466,466.png
466,467,467.png
467,468,468.png
468,469,469.png
469,470,470.png
470,471,471.png
471,472,472.png
472,473,473.png
473,474,474.png
474,475,475.png
475,476,476.png
476,477,477.png
477,478,478.png
478,479,479.png
479,480,480.png
480,481,481.png
481,482,482.png
482,483,483.png
483,484,484.png
484,485,485.png
485,486,486.png
486,487,487.png
487,488,488.png
488,489,489.png
489,490,490.png
490,491,491.png
491,492,492.png
492,493,493.png
493,494,494.png
494,495,495.png
495,496,496.png
496,497,497.png
497,498,498.png
498,499,499.png
499,500,500.png
500,501,501.png
501,502,502.png
502,503,503.png
503,504,504.png
504,505,505.png
505,506,506.png
506,507,507.png
507,508,508.png
508,509,509.png
509,510,510.png
510,511,511.png
511,512,512.png
512,513,513.png
513,514,514.png
514,515,515.png
515,516,516.png
516,517,517.png
517,518,518.png
518,519,519.png
519,520,520.png
520,521,521.png
521,522,522.png
522,523,523.png
523,524,524.png
524,525,525.png
525,526,526.png
526,527,527.png
527,528,528.png
528,529,529.png
529,530,530.png
530,531,531.png
531,532,532.png
532,533,533.png
533,534,534.png
534,535,535.png
535,536,536.png
536,537,537.png
537,538,538.png
538,539,539.png
539,540,540.png
540,541,541.png
541,542,542.png
542,543,543.png
543,544,544.png
544,545,545.png
545,546,546.png
546,547,547.png
547,548,548.png
548,549,549.png
549,550,550.png
550,551,551.png
551,552,552.png
552,553,553.png
553,554,554.png
554,555,555.png
555,556,556.png
556,557,557.png
557,558,558.png
558,559,559.png
559,560,560.png
560,561,561.png
561,562,562.png
562,563,563.png
563,564,564.png
564,565,565.png
565,566,566.png
566,567,567.png
567,568,568.png
568,569,569.png
569,570,570.png
570,571,571.png
571,572,572.png
572,573,573.png
573,574,574.png
574,575,575.png
575,576,576.png
576,577,577.png
577,578,578.png
578,579,579.png
579,580,580.png
580,581,581.png
581,582,582.png
582,583,583.png
583,584,584.png
584,585,585.png
585,586,586.png
586,587,587.png
587,588,588.png
588,589,589.png
589,590,590.png
590,591,591.png
591,592,592.png
592,593,593.png
593,594,594.png
594,595,595.png
595,596,596.png
596,597,597.png
597,598,598.png
598,599,599.png
599,600,600.png
600,601,601.png
601,602,602.png
602,603,603.png
603,604,604.png
604,605,605.png
605,606,606.png
606,607,607.png
607,608,608.png
608,609,609.png
609,610,610.png
610,611,611.png
611,612,612.png
612,613,613.png
613,614,614.png
614,615,615.png
615,616,616.png
616,617,617.png
617,618,618.png
618,619,619.png
619,620,620.png
620,621,621.png
621,622,622.png
622,623,623.png
623,624,624.png
624,625,625.png
625,626,626.png
626,627,627.png
627,628,628.png
628,629,629.png
629,630,630.png
630,631,631.png
631,632,632.png
632,633,633.png
633,634,634.png
634,635,635.png
635,636,636.png
636,637,637.png
637,638,638.png
638,639,639.png
639,640,640.png
640,641,641.png
641,642,642.png
642,643,643.png
643,644,644.png
644,645,645.png
645,646,646.png
646,647,647.png
647,648,648.png
648,649,649.png
649,650,650.png
650,651,651.png
651,652,652.png
652,653,653.png
653,654,654.png
654,655,655.png
655,656,656.png
656,657,657.png
657,658,658.png
658,659,659.png
659,660,660.png
660,661,661.png
661,662,662.png
662,663,663.png
663,664,664.png
664,665,665.png
665,666,666.png
666,667,667.png
667,668,668.png
668,669,669.png
669,670,670.png
670,671,671.png
671,672,672.png
672,673,673.png
673,674,674.png
674,675,675.png
675,676,676.png
676,677,677.png
677,678,678.png
678,679,679.png
679,680,680.png
680,681,681.png
681,682,682.png
682,683,683.png
683,684,684.png
684,685,685.png
685,686,686.png
686,687,687.png
687,688,688.png
688,689,689.png
689,690,690.png
690,691,691.png
691,692,692.png
692,693,693.png
693,694,694.png
694,695,695.png
695,696,696.png
696,697,697.png
697,698,698.png
698,699,699.png
699,700,700.png
700,701,701.png
701,702,702.png
702,703,703.png
703,704,704.png
704,705,705.png
705,706,706.png
706,707,707.png
707,708,708.png
708,709,709.png
709,710,710.png
710,711,711.png
711,712,712.png
712,713,713.png
713,714,714.png
714,715,715.png
715,716,716.png
716,717,717.png
717,718,718.png
718,719,719.png
719,720,720.png
720,721,721.png
721,722,722.png
722,723,723.png
723,724,724.png
724,725,725.png
725,726,726.png
726,727,727.png
727,728,728.png
728,729,729.png
729,730,730.png
730,731,731.png
731,732,732.png
732,733,733.png
733,734,734.png
734,735,735.png
735,736,736.png
736,737,737.png
737,738,738.png
738,739,739.png
739,740,740.png
740,741,741.png
741,742,742.png
742,743,743.png
743,744,744.png
744,745,745.png
745,746,746.png
746,747,747.png
747,748,748.png
748,749,749.png
749,750,750.png
750,751,751.png
751,752,752.png
752,753,753.png
753,754,754.png
754,755,755.png
755,756,756.png
756,757,757.png
757,758,758.png
758,759,759.png
759,760,760.png
760,761,761.png
761,762,762.png
762,763,763.png
763,764,764.png
764,765,765.png
765,766,766.png
766,767,767.png
767,768,768.png
768,769,769.png
769,770,770.png
770,771,771.png
771,772,772.png
772,773,773.png
773,774,774.png
774,775,775.png
775,776,776.png
776,777,777.png
777,778,778.png
778,779,779.png
779,780,780.png
780,781,781.png
781,782,782.png
782,783,783.png
783,784,784.png
784,785,785.png
785,786,786.png
786,787,787.png
787,788,788.png
788,789,789.png
789,790,790.png
790,791,791.png
791,792,792.png
792,793,793.png
793,794,794.png
794,795,795.png
795,796,796.png
796,797,797.png
797,798,798.png
798,799,799.png
799,800,800.png
800,801,801.png
801,802,802.png
802,803,803.png
803,804,804.png
804,805,805.png
805,806,806.png
806,807,807.png
807,808,808.png
808,809,809.png
809,810,810.png
810,811,811.png
811,812,812.png
812,813,813.png
813,814,814.png
814,815,815.png
815,816,816.png
816,817,817.png
817,818,818.png
818,819,819.png
819,820,820.png
820,821,821.png
821,822,822.png
822,823,823.png
823,824,824.png
824,825,825.png
825,826,826.png
826,827,827.png
827,828,828.png
828,829,829.png
829,830,830.png
830,831,831.png
831,832,832.png
832,833,833.png
833,834,834.png
834,835,835.png
835,836,836.png
836,837,837.png
837,838,838.png
838,839,839.png
839,840,840.png
840,841,841.png
841,842,842.png
842,843,843.png
843,844,844.png
844,845,845.png
845,846,846.png
846,847,847.png
847,848,848.png
848,849,849.png
849,850,850.png
850,851,851.png
851,852,852.png
852,853,853.png
853,854,854.png
854,855,855.png
855,856,856.png
856,857,857.png
857,858,858.png
858,859,859.png
859,860,860.png
860,861,861.png
861,862,862.png
862,863,863.png
863,864,864.png
864,865,865.png
865,866,866.png
866,867,867.png
867,868,868.png
868,869,869.png
869,870,870.png
870,871,871.png
871,872,872.png
872,873,873.png
873,874,874.png
874,875,875.png
875,876,876.png
876,877,877.png
877,878,878.png
878,879,879.png
879,880,880.png
880,881,881.png
881,882,882.png
882,883,883.png
883,884,884.png
884,885,885.png
885,886,886.png
886,887,887.png
887,888,888.png
888,889,889.png
889,890,890.png
890,891,891.png
891,892,892.png
892,893,893.png
893,894,894.png
894,895,895.png
895,896,896.png
896,897,897.png
897,898,898.png
898,899,899.png
899,900,900.png
900,901,901.png
901,902,902.png
902,903,903.png
903,904,904.png
904,905,905.png
905,906,906.png
906,907,907.png
907,908,908.png
908,909,909.png
909,910,910.png
910,911,911.png
911,912,912.png
912,913,913.png
913,914,914.png
914,915,915.png
915,916,916.png
916,917,917.png
917,918,918.png
918,919,919.png
919,920,920.png
920,921,921.png
921,922,922.png
922,923,923.png
923,924,924.png
924,925,925.png
925,926,926.png
926,927,927.png
927,928,928.png
928,929,929.png
929,930,930.png
930,931,931.png
931,932,932.png
932,933,933.png
933,934,934.png
934,935,935.png
935,936,936.png
936,937,937.png
937,938,938.png
938,939,939.png
939,940,940.png
940,941,941.png
941,942,942.png
942,943,943.png
943,944,944.png
944,945,945.png
945,946,946.png
946,947,947.png
947,948,948.png
948,949,949.png
949,950,950.png
950,951,951.png
951,952,952.png
952,953,953.png
953,954,954.png
954,955,955.png
955,956,956.png
956,957,957.png
957,958,958.png
958,959,959.png
959,960,960.png
960,961,961.png
961,962,962.png
962,963,963.png
963,964,964.png
964,965,965.png
965,966,966.png
966,967,967.png
967,968,968.png
968,969,969.png
969,970,970.png
970,971,971.png
971,972,972.png
972,973,973.png
973,974,974.png
974,975,975.png
975,976,976.png
976,977,977.png
977,978,978.png
978,979,979.png
979,980,980.png
980,981,981.png
981,982,982.png
982,983,983.png
983,984,984.png
984,985,985.png
985,986,986.png
986,987,987.png
987,988,988.png
988,989,989.png
989,990,990.png
990,991,991.png
991,992,992.png
992,993,993.png
993,994,994.png
994,995,995.png
995,996,996.png
996,997,997.png
997,998,998.png
998,999,999.png
999,1000,1000.png
1000,1001,1001.png
1001,1002,1002.png
1002,1003,1003.png
1003,1004,1004.png
1004,1005,1005.png
1005,1006,1006.png
1006,1007,1007.png
1007,1008,1008.png
1008,1009,1009.png
1009,1010,1010.png
1010,1011,1011.png
1011,1012,1012.png
1012,1013,1013.png
1013,1014,1014.png
1014,1015,1015.png
1015,1016,1016.png
1016,1017,1017.png
1017,1018,1018.png
1018,1019,1019.png
1019,1020,1020.png
1020,1021,1021.png
1021,1022,1022.png
1022,1023,1023.png
1023,1024,1024.png
1024,1025,1025.png
1025,1026,1026.png
1026,1027,1027.png
1027,1028,1028.png
1028,1029,1029.png
1029,1030,1030.png
1030,1031,1031.png
1031,1032,1032.png
1032,1033,1033.png
1033,1034,1034.png
1034,1035,1035.png
1035,1036,1036.png
1036,1037,1037.png
1037,1038,1038.png
1038,1039,1039.png
1039,1040,1040.png
1040,1041,1041.png
1041,1042,1042.png
1042,1043,1043.png
1043,1044,1044.png
1044,1045,1045.png
1045,1046,1046.png
1046,1047,1047.png
1047,1048,1048.png
1048,1049,1049.png
1049,1050,1050.png
1050,1051,1051.png
1051,1052,1052.png
1052,1053,1053.png
1053,1054,1054.png
1054,1055,1055.png
1055,1056,1056.png
1056,1057,1057.png
1057,1058,1058.png
1058,1059,1059.png
1059,1060,1060.png
1060,1061,1061.png
1061,1062,1062.png
1062,1063,1063.png
1063,1064,1064.png
1064,1065,1065.png
1065,1066,1066.png
1066,1067,1067.png
1067,1068,1068.png
1068,1069,1069.png
1069,1070,1070.png
1070,1071,1071.png
1071,1072,1072.png
1072,1073,1073.png
1073,1074,1074.png
1074,1075,1075.png
1075,1076,1076.png
1076,1077,1077.png
1077,1078,1078.png
1078,1079,1079.png
1079,1080,1080.png
1080,1081,1081.png
1081,1082,1082.png
1082,1083,1083.png
1083,1084,1084.png
1084,1085,1085.png
1085,1086,1086.png
1086,1087,1087.png
1087,1088,1088.png
1088,1089,1089.png
1089,1090,1090.png
1090,1091,1091.png
1091,1092,1092.png
1092,1093,1093.png
1093,1094,1094.png
1094,1095,1095.png
1095,1096,1096.png
1096,1097,1097.png
1097,1098,1098.png
1098,1099,1099.png
1099,1100,1100.png
1100,1101,1101.png
1101,1102,1102.png
1102,1103,1103.png
1103,1104,1104.png
1104,1105,1105.png
1105,1106,1106.png
1106,1107,1107.png
1107,1108,1108.png
1108,1109,1109.png
1109,1110,1110.png
1110,1111,1111.png
1111,1112,1112.png
1112,1113,1113.png
1113,1114,1114.png
1114,1115,1115.png
1115,1116,1116.png
1116,1117,1117.png
1117,1118,1118.png
1118,1119,1119.png
1119,1120,1120.png
1120,1121,1121.png
1121,1122,1122.png
1122,1123,1123.png
1123,1124,1124.png
1124,1125,1125.png
1125,1126,1126.png
1126,1127,1127.png
1127,1128,1128.png
1128,1129,1129.png
1129,1130,1130.png
1130,1131,1131.png
1131,1132,1132.png
1132,1133,1133.png
1133,1134,1134.png
1134,1135,1135.png
1135,1136,1136.png
1136,1137,1137.png
1137,1138,1138.png
1138,1139,1139.png
1139,1140,1140.png
1140,1141,1141.png
1141,1142,1142.png
1142,1143,1143.png
1143,1144,1144.png
1144,1145,1145.png
1145,1146,1146.png
1146,1147,1147.png
1147,1148,1148.png
1148,1149,1149.png
1149,1150,1150.png
1150,1151,1151.png
1151,1152,1152.png
1152,1153,1153.png
1153,1154,1154.png
1154,1155,1155.png
1155,1156,1156.png
1156,1157,1157.png
1157,1158,1158.png
1158,1159,1159.png
1159,1160,1160.png
1160,1161,1161.png
1161,1162,1162.png
1162,1163,1163.png
1163,1164,1164.png
1164,1165,1165.png
1165,1166,1166.png
1166,1167,1167.png
1167,1168,1168.png
1168,1169,1169.png
1169,1170,1170.png
1170,1171,1171.png
1171,1172,1172.png
1172,1173,1173.png
1173,1174,1174.png
1174,1175,1175.png
1175,1176,1176.png
1176,1177,1177.png
1177,1178,1178.png
1178,1179,1179.png
1179,1180,1180.png
1180,1181,1181.png
1181,1182,1182.png
1182,1183,1183.png
1183,1184,1184.png
1184,1185,1185.png
1185,1186,1186.png
1186,1187,1187.png
1187,1188,1188.png
1188,1189,1189.png
1189,1190,1190.png
1190,1191,1191.png
1191,1192,1192.png
1192,1193,1193.png
1193,1194,1194.png
1194,1195,1195.png
1195,1196,1196.png
1196,1197,1197.png
1197,1198,1198.png
1198,1199,1199.png
1199,1200,1200.png
1200,1201,1201.png
1201,1202,1202.png
1202,1203,1203.png
1203,1204,1204.png
1204,1205,1205.png
1205,1206,1206.png
1206,1207,1207.png
1207,1208,1208.png
1208,1209,1209.png
1209,1210,1210.png
1210,1211,1211.png
1211,1212,1212.png
1212,1213,1213.png
1213,1214,1214.png
1214,1215,1215.png
1215,1216,1216.png
1216,1217,1217.png
1217,1218,1218.png
1218,1219,1219.png
1219,1220,1220.png
1220,1221,1221.png
1221,1222,1222.png
1222,1223,1223.png
1223,1224,1224.png
1224,1225,1225.png
1225,1226,1226.png
1226,1227,1227.png
1227,1228,1228.png
1228,1229,1229.png
1229,1230,1230.png
1230,1231,1231.png
1231,1232,1232.png
1232,1233,1233.png
1233,1234,1234.png
1234,1235,1235.png
1235,1236,1236.png
1236,1237,1237.png
1237,1238,1238.png
1238,1239,1239.png
1239,1240,1240.png
1240,1241,1241.png
1241,1242,1242.png
1242,1243,1243.png
1243,1244,1244.png
1244,1245,1245.png
1245,1246,1246.png
1246,1247,1247.png
1247,1248,1248.png
1248,1249,1249.png
1249,1250,1250.png
1250,1251,1251.png
1251,1252,1252.png
1252,1253,1253.png
1253,1254,1254.png
1254,1255,1255.png
1255,1256,1256.png
1256,1257,1257.png
1257,1258,1258.png
1258,1259,1259.png
1259,1260,1260.png
1260,1261,1261.png
1261,1262,1262.png
1262,1263,1263.png
1263,1264,1264.png
1264,1265,1265.png
1265,1266,1266.png
1266,1267,1267.png
1267,1268,1268.png
1268,1269,1269.png
1269,1270,1270.png
1270,1271,1271.png
1271,1272,1272.png
1272,1273,1273.png
1273,1274,1274.png
1274,1275,1275.png
1275,1276,1276.png
1276,1277,1277.png
1277,1278,1278.png
1278,1279,1279.png
1279,1280,1280.png
1280,1281,1281.png
1281,1282,1282.png
1282,1283,1283.png
1283,1284,1284.png
1284,1285,1285.png
1285,1286,1286.png
1286,1287,1287.png
1287,1288,1288.png
1288,1289,1289.png
1289,1290,1290.png
1290,1291,1291.png
1291,1292,1292.png
1292,1293,1293.png
1293,1294,1294.png
1294,1295,1295.png
1295,1296,1296.png
1296,1297,1297.png
1297,1298,1298.png
1298,1299,1299.png
1299,1300,1300.png
1300,1301,1301.png
1301,1302,1302.png
1302,1303,1303.png
1303,1304,1304.png
1304,1305,1305.png
1305,1306,1306.png
1306,1307,1307.png
1307,1308,1308.png
1308,1309,1309.png
1309,1310,1310.png
1310,1311,1311.png
1311,1312,1312.png
1312,1313,1313.png
1313,1314,1314.png
1314,1315,1315.png
1315,1316,1316.png
1316,1317,1317.png
1317,1318,1318.png
1318,1319,1319.png
1319,1320,1320.png
1320,1321,1321.png
1321,1322,1322.png
1322,1323,1323.png
1323,1324,1324.png
1324,1325,1325.png
1325,1326,1326.png
1326,1327,1327.png
1327,1328,1328.png
1328,1329,1329.png
1329,1330,1330.png
1330,1331,1331.png
1331,1332,1332.png
1332,1333,1333.png
1333,1334,1334.png
1334,1335,1335.png
1335,1336,1336.png
1336,1337,1337.png
1337,1338,1338.png
1338,1339,1339.png
1339,1340,1340.png
1340,1341,1341.png
1341,1342,1342.png
1342,1343,1343.png
1343,1344,1344.png
1344,1345,1345.png
1345,1346,1346.png
1346,1347,1347.png
1347,1348,1348.png
1348,1349,1349.png
1349,1350,1350.png
1350,1351,1351.png
1351,1352,1352.png
1352,1353,1353.png
1353,1354,1354.png
1354,1355,1355.png
1355,1356,1356.png
1356,1357,1357.png
1357,1358,1358.png
1358,1359,1359.png
1359,1360,1360.png
1360,1361,1361.png
1361,1362,1362.png
1362,1363,1363.png
1363,1364,1364.png
1364,1365,1365.png
1365,1366,1366.png
1366,1367,1367.png
1367,1368,1368.png
1368,1369,1369.png
1369,1370,1370.png
1370,1371,1371.png
1371,1372,1372.png
1372,1373,1373.png
1373,1374,1374.png
1374,1375,1375.png
1375,1376,1376.png
1376,1377,1377.png
1377,1378,1378.png
1378,1379,1379.png
1379,1380,1380.png
1380,1381,1381.png
1381,1382,1382.png
1382,1383,1383.png
1383,1384,1384.png
1384,1385,1385.png
1385,1386,1386.png
1386,1387,1387.png
1387,1388,1388.png
1388,1389,1389.png
1389,1390,1390.png
1390,1391,1391.png
1391,1392,1392.png
1392,1393,1393.png
1393,1394,1394.png
1394,1395,1395.png
1395,1396,1396.png
1396,1397,1397.png
1397,1398,1398.png
1398,1399,1399.png
1399,1400,1400.png
1400,1401,1401.png
1401,1402,1402.png
1402,1403,1403.png
1403,1404,1404.png
1404,1405,1405.png
1405,1406,1406.png
1406,1407,1407.png
1407,1408,1408.png
1408,1409,1409.png
1409,1410,1410.png
1410,1411,1411.png
1411,1412,1412.png
1412,1413,1413.png
1413,1414,1414.png
1414,1415,1415.png
1415,1416,1416.png
1416,1417,1417.png
1417,1418,1418.png
1418,1419,1419.png
1419,1420,1420.png
1420,1421,1421.png
1421,1422,1422.png
1422,1423,1423.png
1423,1424,1424.png
1424,1425,1425.png
1425,1426,1426.png
1426,1427,1427.png
1427,1428,1428.png
1428,1429,1429.png
1429,1430,1430.png
1430,1431,1431.png
1431,1432,1432.png
1432,1433,1433.png
1433,1434,1434.png
1434,1435,1435.png
1435,1436,1436.png
1436,1437,1437.png
1437,1438,1438.png
1438,1439,1439.png
1439,1440,1440.png
1440,1441,1441.png
1441,1442,1442.png
1442,1443,1443.png
1443,1444,1444.png
1444,1445,1445.png
1445,1446,1446.png
1446,1447,1447.png
1447,1448,1448.png
1448,1449,1449.png
1449,1450,1450.png
1450,1451,1451.png
1451,1452,1452.png
1452,1453,1453.png
1453,1454,1454.png
1454,1455,1455.png
1455,1456,1456.png
1456,1457,1457.png
1457,1458,1458.png
1458,1459,1459.png
1459,1460,1460.png
1460,1461,1461.png
1461,1462,1462.png
1462,1463,1463.png
1463,1464,1464.png
1464,1465,1465.png
1465,1466,1466.png
1466,1467,1467.png
1467,1468,1468.png
1468,1469,1469.png
1469,1470,1470.png
1470,1471,1471.png
1471,1472,1472.png
1472,1473,1473.png
1473,1474,1474.png
1474,1475,1475.png
1475,1476,1476.png
1476,1477,1477.png
1477,1478,1478.png
1478,1479,1479.png
1479,1480,1480.png
1480,1481,1481.png
1481,1482,1482.png
1482,1483,1483.png
1483,1484,1484.png
1484,1485,1485.png
1485,1486,1486.png
1486,1487,1487.png
1487,1488,1488.png
1488,1489,1489.png
1489,1490,1490.png
1490,1491,1491.png
1491,1492,1492.png
1492,1493,1493.png
1493,1494,1494.png
1494,1495,1495.png
1495,1496,1496.png
1496,1497,1497.png
1497,1498,1498.png
1498,1499,1499.png
1499,1500,1500.png
1500,1501,1501.png
1501,1502,1502.png
1502,1503,1503.png
1503,1504,1504.png
1504,1505,1505.png
1505,1506,1506.png
1506,1507,1507.png
1507,1508,1508.png
1508,1509,1509.png
1509,1510,1510.png
1510,1511,1511.png
1511,1512,1512.png
1512,1513,1513.png
1513,1514,1514.png
1514,1515,1515.png
1515,1516,1516.png
1516,1517,1517.png
1517,1518,1518.png
1518,1519,1519.png
1519,1520,1520.png
1520,1521,1521.png
1521,1522,1522.png
1522,1523,1523.png
1523,1524,1524.png
1524,1525,1525.png
1525,1526,1526.png
1526,1527,1527.png
1527,1528,1528.png
1528,1529,1529.png
1529,1530,1530.png
1530,1531,1531.png
1531,1532,1532.png
1532,1533,1533.png
1533,1534,1534.png
1534,1535,1535.png
1535,1536,1536.png
1536,1537,1537.png
1537,1538,1538.png
1538,1539,1539.png
1539,1540,1540.png
1540,1541,1541.png
1541,1542,1542.png
1542,1543,1543.png
1543,1544,1544.png
1544,1545,1545.png
1545,1546,1546.png
1546,1547,1547.png
1547,1548,1548.png
1548,1549,1549.png
1549,1550,1550.png
1550,1551,1551.png
1551,1552,1552.png
1552,1553,1553.png
1553,1554,1554.png
1554,1555,1555.png
1555,1556,1556.png
1556,1557,1557.png
1557,1558,1558.png
1558,1559,1559.png
1559,1560,1560.png
1560,1561,1561.png
1561,1562,1562.png
1562,1563,1563.png
1563,1564,1564.png
1564,1565,1565.png
1565,1566,1566.png
1566,1567,1567.png
1567,1568,1568.png
1568,1569,1569.png
1569,1570,1570.png
1570,1571,1571.png
1571,1572,1572.png
1572,1573,1573.png
1573,1574,1574.png
1574,1575,1575.png
1575,1576,1576.png
1576,1577,1577.png
1577,1578,1578.png
1578,1579,1579.png
1579,1580,1580.png
1580,1581,1581.png
1581,1582,1582.png
1582,1583,1583.png
1583,1584,1584.png
1584,1585,1585.png
1585,1586,1586.png
1586,1587,1587.png
1587,1588,1588.png
1588,1589,1589.png
1589,1590,1590.png
1590,1591,1591.png
1591,1592,1592.png
1592,1593,1593.png
1593,1594,1594.png
1594,1595,1595.png
1595,1596,1596.png
1596,1597,1597.png
1597,1598,1598.png
1598,1599,1599.png
1599,1600,1600.png
1600,1601,1601.png
1601,1602,1602.png
1602,1603,1603.png
1603,1604,1604.png
1604,1605,1605.png
1605,1606,1606.png
1606,1607,1607.png
1607,1608,1608.png
1608,1609,1609.png
1609,1610,1610.png
1610,1611,1611.png
1611,1612,1612.png
1612,1613,1613.png
1613,1614,1614.png
1614,1615,1615.png
1615,1616,1616.png
1616,1617,1617.png
1617,1618,1618.png
1618,1619,1619.png
1619,1620,1620.png
1620,1621,1621.png
1621,1622,1622.png
1622,1623,1623.png
1623,1624,1624.png
1624,1625,1625.png
1625,1626,1626.png
1626,1627,1627.png
1627,1628,1628.png
1628,1629,1629.png
1629,1630,1630.png
1630,1631,1631.png
1631,1632,1632.png
1632,1633,1633.png
1633,1634,1634.png
1634,1635,1635.png
1635,1636,1636.png
1636,1637,1637.png
1637,1638,1638.png
1638,1639,1639.png
1639,1640,1640.png
1640,1641,1641.png
1641,1642,1642.png
1642,1643,1643.png
1643,1644,1644.png
1644,1645,1645.png
1645,1646,1646.png
1646,1647,1647.png
1647,1648,1648.png
1648,1649,1649.png
1649,1650,1650.png
1650,1651,1651.png
1651,1652,1652.png
1652,1653,1653.png
1653,1654,1654.png
1654,1655,1655.png
1655,1656,1656.png
1656,1657,1657.png
1657,1658,1658.png
1658,1659,1659.png
1659,1660,1660.png
1660,1661,1661.png
1661,1662,1662.png
1662,1663,1663.png
1663,1664,1664.png
1664,1665,1665.png
1665,1666,1666.png
1666,1667,1667.png
1667,1668,1668.png
1668,1669,1669.png
1669,1670,1670.png
1670,1671,1671.png
1671,1672,1672.png
1672,1673,1673.png
1673,1674,1674.png
1674,1675,1675.png
1675,1676,1676.png
1676,1677,1677.png
1677,1678,1678.png
1678,1679,1679.png
1679,1680,1680.png
1680,1681,1681.png
1681,1682,1682.png
1682,1683,1683.png
1683,1684,1684.png
1684,1685,1685.png
1685,1686,1686.png
1686,1687,1687.png
1687,1688,1688.png
1688,1689,1689.png
1689,1690,1690.png
1690,1691,1691.png
1691,1692,1692.png
1692,1693,1693.png
1693,1694,1694.png
1694,1695,1695.png
1695,1696,1696.png
1696,1697,1697.png
1697,1698,1698.png
1698,1699,1699.png
1699,1700,1700.png
1700,1701,1701.png
1701,1702,1702.png
1702,1703,1703.png
1703,1704,1704.png
1704,1705,1705.png
1705,1706,1706.png
1706,1707,1707.png
1707,1708,1708.png
1708,1709,1709.png
1709,1710,1710.png
1710,1711,1711.png
1711,1712,1712.png
1712,1713,1713.png
1713,1714,1714.png
1714,1715,1715.png
1715,1716,1716.png
1716,1717,1717.png
1717,1718,1718.png
1718,1719,1719.png
1719,1720,1720.png
1720,1721,1721.png
1721,1722,1722.png
1722,1723,1723.png
1723,1724,1724.png
1724,1725,1725.png
1725,1726,1726.png
1726,1727,1727.png
1727,1728,1728.png
1728,1729,1729.png
1729,1730,1730.png
1730,1731,1731.png
1731,1732,1732.png
1732,1733,1733.png
1733,1734,1734.png
1734,1735,1735.png
1735,1736,1736.png
1736,1737,1737.png
1737,1738,1738.png
1738,1739,1739.png
1739,1740,1740.png
1740,1741,1741.png
1741,1742,1742.png
1742,1743,1743.png
1743,1744,1744.png
1744,1745,1745.png
1745,1746,1746.png
1746,1747,1747.png
1747,1748,1748.png
1748,1749,1749.png
1749,1750,1750.png
1750,1751,1751.png
1751,1752,1752.png
1752,1753,1753.png
1753,1754,1754.png
1754,1755,1755.png
1755,1756,1756.png
1756,1757,1757.png
1757,1758,1758.png
1758,1759,1759.png
1759,1760,1760.png
1760,1761,1761.png
1761,1762,1762.png
1762,1763,1763.png
1763,1764,1764.png
1764,1765,1765.png
1765,1766,1766.png
1766,1767,1767.png
1767,1768,1768.png
1768,1769,1769.png
1769,1770,1770.png
1770,1771,1771.png
1771,1772,1772.png
1772,1773,1773.png
1773,1774,1774.png
1774,1775,1775.png
1775,1776,1776.png
1776,1777,1777.png
1777,1778,1778.png
1778,1779,1779.png
1779,1780,1780.png
1780,1781,1781.png
1781,1782,1782.png
1782,1783,1783.png
1783,1784,1784.png
1784,1785,1785.png
1785,1786,1786.png
1786,1787,1787.png
1787,1788,1788.png
1788,1789,1789.png
1789,1790,1790.png
1790,1791,1791.png
1791,1792,1792.png
1792,1793,1793.png
1793,1794,1794.png
1794,1795,1795.png
1795,1796,1796.png
1796,1797,1797.png
1797,1798,1798.png
1798,1799,1799.png
1799,1800,1800.png
1800,1801,1801.png
1801,1802,1802.png
1802,1803,1803.png
1803,1804,1804.png
1804,1805,1805.png
1805,1806,1806.png
1806,1807,1807.png
1807,1808,1808.png
1808,1809,1809.png
1809,1810,1810.png
1810,1811,1811.png
1811,1812,1812.png
1812,1813,1813.png
1813,1814,1814.png
1814,1815,1815.png
1815,1816,1816.png
1816,1817,1817.png
1817,1818,1818.png
1818,1819,1819.png
1819,1820,1820.png
1820,1821,1821.png
1821,1822,1822.png
1822,1823,1823.png
1823,1824,1824.png
1824,1825,1825.png
1825,1826,1826.png
1826,1827,1827.png
1827,1828,1828.png
1828,1829,1829.png
1829,1830,1830.png
1830,1831,1831.png
1831,1832,1832.png
1832,1833,1833.png
1833,1834,1834.png
1834,1835,1835.png
1835,1836,1836.png
1836,1837,1837.png
1837,1838,1838.png
1838,1839,1839.png
1839,1840,1840.png
1840,1841,1841.png
1841,1842,1842.png
1842,1843,1843.png
1843,1844,1844.png
1844,1845,1845.png
1845,1846,1846.png
1846,1847,1847.png
1847,1848,1848.png
1848,1849,1849.png
1849,1850,1850.png
1850,1851,1851.png
1851,1852,1852.png
1852,1853,1853.png
1853,1854,1854.png
1854,1855,1855.png
1855,1856,1856.png
1856,1857,1857.png
1857,1858,1858.png
1858,1859,1859.png
1859,1860,1860.png
1860,1861,1861.png
1861,1862,1862.png
1862,1863,1863.png
1863,1864,1864.png
1864,1865,1865.png
1865,1866,1866.png
1866,1867,1867.png
1867,1868,1868.png
1868,1869,1869.png
1869,1870,1870.png
1870,1871,1871.png
1871,1872,1872.png
1872,1873,1873.png
1873,1874,1874.png
1874,1875,1875.png
1875,1876,1876.png
1876,1877,1877.png
1877,1878,1878.png
1878,1879,1879.png
1879,1880,1880.png
1880,1881,1881.png
1881,1882,1882.png
1882,1883,1883.png
1883,1884,1884.png
1884,1885,1885.png
1885,1886,1886.png
1886,1887,1887.png
1887,1888,1888.png
1888,1889,1889.png
1889,1890,1890.png
1890,1891,1891.png
1891,1892,1892.png
1892,1893,1893.png
1893,1894,1894.png
1894,1895,1895.png
1895,1896,1896.png
1896,1897,1897.png
1897,1898,1898.png
1898,1899,1899.png
1899,1900,1900.png
1900,1901,1901.png
1901,1902,1902.png
1902,1903,1903.png
1903,1904,1904.png
1904,1905,1905.png
1905,1906,1906.png
1906,1907,1907.png
1907,1908,1908.png
1908,1909,1909.png
1909,1910,1910.png
1910,1911,1911.png
1911,1912,1912.png
1912,1913,1913.png
1913,1914,1914.png
1914,1915,1915.png
1915,1916,1916.png
1916,1917,1917.png
1917,1918,1918.png
1918,1919,1919.png
1919,1920,1920.png
1920,1921,1921.png
1921,1922,1922.png
1922,1923,1923.png
1923,1924,1924.png
1924,1925,1925.png
1925,1926,1926.png
1926,1927,1927.png
1927,1928,1928.png
1928,1929,1929.png
1929,1930,1930.png
1930,1931,1931.png
1931,1932,1932.png
1932,1933,1933.png
1933,1934,1934.png
1934,1935,1935.png
1935,1936,1936.png
1936,1937,1937.png
1937,1938,1938.png
1938,1939,1939.png
1939,1940,1940.png
1940,1941,1941.png
1941,1942,1942.png
1942,1943,1943.png
1943,1944,1944.png
1944,1945,1945.png
1945,1946,1946.png
1946,1947,1947.png
1947,1948,1948.png
1948,1949,1949.png
1949,1950,1950.png
1950,1951,1951.png
1951,1952,1952.png
1952,1953,1953.png
1953,1954,1954.png
1954,1955,1955.png
1955,1956,1956.png
1956,1957,1957.png
1957,1958,1958.png
1958,1959,1959.png
1959,1960,1960.png
1960,1961,1961.png
1961,1962,1962.png
1962,1963,1963.png
1963,1964,1964.png
1964,1965,1965.png
1965,1966,1966.png
1966,1967,1967.png
1967,1968,1968.png
1968,1969,1969.png
1969,1970,1970.png
1970,1971,1971.png
1971,1972,1972.png
1972,1973,1973.png
1973,1974,1974.png
1974,1975,1975.png
1975,1976,1976.png
1976,1977,1977.png
1977,1978,1978.png
1978,1979,1979.png
1979,1980,1980.png
1980,1981,1981.png
1981,1982,1982.png
1982,1983,1983.png
1983,1984,1984.png
1984,1985,1985.png
1985,1986,1986.png
1986,1987,1987.png
1987,1988,1988.png
1988,1989,1989.png
1989,1990,1990.png
1990,1991,1991.png
1991,1992,1992.png
1992,1993,1993.png
1993,1994,1994.png
1994,1995,1995.png
1995,1996,1996.png
1996,1997,1997.png
1997,1998,1998.png
1998,1999,1999.png
1999,2000,2000.png
2000,2001,2001.png
2001,2002,2002.png
2002,2003,2003.png
2003,2004,2004.png
2004,2005,2005.png
2005,2006,2006.png
2006,2007,2007.png
2007,2008,2008.png
2008,2009,2009.png
2009,2010,2010.png
2010,2011,2011.png
2011,2012,2012.png
2012,2013,2013.png
2013,2014,2014.png
2014,2015,2015.png
2015,2016,2016.png
2016,2017,2017.png
2017,2018,2018.png
2018,2019,2019.png
2019,2020,2020.png
2020,2021,2021.png
2021,2022,2022.png
2022,2023,2023.png
2023,2024,2024.png
2024,2025,2025.png
2025,2026,2026.png
2026,2027,2027.png
2027,2028,2028.png
2028,2029,2029.png
2029,2030,2030.png
2030,2031,2031.png
2031,2032,2032.png
2032,2033,2033.png
2033,2034,2034.png
2034,2035,2035.png
2035,2036,2036.png
2036,2037,2037.png
2037,2038,2038.png
2038,2039,2039.png
2039,2040,2040.png
2040,2041,2041.png
2041,2042,2042.png
2042,2043,2043.png
2043,2044,2044.png
2044,2045,2045.png
2045,2046,2046.png
2046,2047,2047.png
2047,2048,2048.png
2048,2049,2049.png
2049,2050,2050.png
2050,2051,2051.png
2051,2052,2052.png
2052,2053,2053.png
2053,2054,2054.png
2054,2055,2055.png
2055,2056,2056.png
2056,2057,2057.png
2057,2058,2058.png
2058,2059,2059.png
2059,2060,2060.png
2060,2061,2061.png
2061,2062,2062.png
2062,2063,2063.png
2063,2064,2064.png
2064,2065,2065.png
2065,2066,2066.png
2066,2067,2067.png
2067,2068,2068.png
2068,2069,2069.png
2069,2070,2070.png
2070,2071,2071.png
2071,2072,2072.png
2072,2073,2073.png
2073,2074,2074.png
2074,2075,2075.png
2075,2076,2076.png
2076,2077,2077.png
2077,2078,2078.png
2078,2079,2079.png
2079,2080,2080.png
2080,2081,2081.png
2081,2082,2082.png
2082,2083,2083.png
2083,2084,2084.png
2084,2085,2085.png
2085,2086,2086.png
2086,2087,2087.png
2087,2088,2088.png
2088,2089,2089.png
2089,2090,2090.png
2090,2091,2091.png
2091,2092,2092.png
2092,2093,2093.png
2093,2094,2094.png
2094,2095,2095.png
2095,2096,2096.png
2096,2097,2097.png
2097,2098,2098.png
2098,2099,2099.png
2099,2100,2100.png
2100,2101,2101.png
2101,2102,2102.png
2102,2103,2103.png
2103,2104,2104.png
2104,2105,2105.png
2105,2106,2106.png
2106,2107,2107.png
2107,2108,2108.png
2108,2109,2109.png
2109,2110,2110.png
2110,2111,2111.png
2111,2112,2112.png
2112,2113,2113.png
2113,2114,2114.png
2114,2115,2115.png
2115,2116,2116.png
2116,2117,2117.png
2117,2118,2118.png
2118,2119,2119.png
2119,2120,2120.png
2120,2121,2121.png
2121,2122,2122.png
2122,2123,2123.png
2123,2124,2124.png
2124,2125,2125.png
2125,2126,2126.png
2126,2127,2127.png
2127,2128,2128.png
2128,2129,2129.png
2129,2130,2130.png
2130,2131,2131.png
2131,2132,2132.png
2132,2133,2133.png
2133,2134,2134.png
2134,2135,2135.png
2135,2136,2136.png
2136,2137,2137.png
2137,2138,2138.png
2138,2139,2139.png
2139,2140,2140.png
2140,2141,2141.png
2141,2142,2142.png
2142,2143,2143.png
2143,2144,2144.png
2144,2145,2145.png
2145,2146,2146.png
2146,2147,2147.png
2147,2148,2148.png
2148,2149,2149.png
2149,2150,2150.png
2150,2151,2151.png
2151,2152,2152.png
2152,2153,2153.png
2153,2154,2154.png
2154,2155,2155.png
2155,2156,2156.png
2156,2157,2157.png
2157,2158,2158.png
2158,2159,2159.png
2159,2160,2160.png
2160,2161,2161.png
2161,2162,2162.png
2162,2163,2163.png
2163,2164,2164.png
2164,2165,2165.png
2165,2166,2166.png
2166,2167,2167.png
2167,2168,2168.png
2168,2169,2169.png
2169,2170,2170.png
2170,2171,2171.png
2171,2172,2172.png
2172,2173,2173.png
2173,2174,2174.png
2174,2175,2175.png
2175,2176,2176.png
2176,2177,2177.png
2177,2178,2178.png
2178,2179,2179.png
2179,2180,2180.png
2180,2181,2181.png
2181,2182,2182.png
2182,2183,2183.png
2183,2184,2184.png
2184,2185,2185.png
2185,2186,2186.png
2186,2187,2187.png
2187,2188,2188.png
2188,2189,2189.png
2189,2190,2190.png
2190,2191,2191.png
2191,2192,2192.png
2192,2193,2193.png
2193,2194,2194.png
2194,2195,2195.png
2195,2196,2196.png
2196,2197,2197.png
2197,2198,2198.png
2198,2199,2199.png
2199,2200,2200.png
2200,2201,2201.png
2201,2202,2202.png
2202,2203,2203.png
2203,2204,2204.png
2204,2205,2205.png
2205,2206,2206.png
2206,2207,2207.png
2207,2208,2208.png
2208,2209,2209.png
2209,2210,2210.png
2210,2211,2211.png
2211,2212,2212.png
2212,2213,2213.png
2213,2214,2214.png
2214,2215,2215.png
2215,2216,2216.png
2216,2217,2217.png
2217,2218,2218.png
2218,2219,2219.png
2219,2220,2220.png
2220,2221,2221.png
2221,2222,2222.png
2222,2223,2223.png
2223,2224,2224.png
2224,2225,2225.png
2225,2226,2226.png
2226,2227,2227.png
2227,2228,2228.png
2228,2229,2229.png
2229,2230,2230.png
2230,2231,2231.png
2231,2232,2232.png
2232,2233,2233.png
2233,2234,2234.png
2234,2235,2235.png
2235,2236,2236.png
2236,2237,2237.png
2237,2238,2238.png
2238,2239,2239.png
2239,2240,2240.png
2240,2241,2241.png
2241,2242,2242.png
2242,2243,2243.png
2243,2244,2244.png
2244,2245,2245.png
2245,2246,2246.png
2246,2247,2247.png
2247,2248,2248.png
2248,2249,2249.png
2249,2250,2250.png
2250,2251,2251.png
2251,2252,2252.png
2252,2253,2253.png
2253,2254,2254.png
2254,2255,2255.png
2255,2256,2256.png
2256,2257,2257.png
2257,2258,2258.png
2258,2259,2259.png
2259,2260,2260.png
2260,2261,2261.png
2261,2262,2262.png
2262,2263,2263.png
2263,2264,2264.png
2264,2265,2265.png
2265,2266,2266.png
2266,2267,2267.png
2267,2268,2268.png
2268,2269,2269.png
2269,2270,2270.png
2270,2271,2271.png
2271,2272,2272.png
2272,2273,2273.png
2273,2274,2274.png
2274,2275,2275.png
2275,2276,2276.png
2276,2277,2277.png
2277,2278,2278.png
2278,2279,2279.png
2279,2280,2280.png
2280,2281,2281.png
2281,2282,2282.png
2282,2283,2283.png
2283,2284,2284.png
2284,2285,2285.png
2285,2286,2286.png
2286,2287,2287.png
2287,2288,2288.png
2288,2289,2289.png
2289,2290,2290.png
2290,2291,2291.png
2291,2292,2292.png
2292,2293,2293.png
2293,2294,2294.png
2294,2295,2295.png
2295,2296,2296.png
2296,2297,2297.png
2297,2298,2298.png
2298,2299,2299.png
2299,2300,2300.png
2300,2301,2301.png
2301,2302,2302.png
2302,2303,2303.png
2303,2304,2304.png
2304,2305,2305.png
2305,2306,2306.png
2306,2307,2307.png
2307,2308,2308.png
2308,2309,2309.png
2309,2310,2310.png
2310,2311,2311.png
2311,2312,2312.png
2312,2313,2313.png
2313,2314,2314.png
2314,2315,2315.png
2315,2316,2316.png
2316,2317,2317.png
2317,2318,2318.png
2318,2319,2319.png
2319,2320,2320.png
2320,2321,2321.png
2321,2322,2322.png
2322,2323,2323.png
2323,2324,2324.png
2324,2325,2325.png
2325,2326,2326.png
2326,2327,2327.png
2327,2328,2328.png
2328,2329,2329.png
2329,2330,2330.png
2330,2331,2331.png
2331,2332,2332.png
2332,2333,2333.png
2333,2334,2334.png
2334,2335,2335.png
2335,2336,2336.png
2336,2337,2337.png
2337,2338,2338.png
2338,2339,2339.png
2339,2340,2340.png
2340,2341,2341.png
2341,2342,2342.png
2342,2343,2343.png
2343,2344,2344.png
2344,2345,2345.png
2345,2346,2346.png
2346,2347,2347.png
2347,2348,2348.png
2348,2349,2349.png
2349,2350,2350.png
2350,2351,2351.png
2351,2352,2352.png
2352,2353,2353.png
2353,2354,2354.png
2354,2355,2355.png
2355,2356,2356.png
2356,2357,2357.png
2357,2358,2358.png
2358,2359,2359.png
2359,2360,2360.png
2360,2361,2361.png
2361,2362,2362.png
2362,2363,2363.png
2363,2364,2364.png
2364,2365,2365.png
2365,2366,2366.png
2366,2367,2367.png
2367,2368,2368.png
2368,2369,2369.png
2369,2370,2370.png
2370,2371,2371.png
2371,2372,2372.png
2372,2373,2373.png
2373,2374,2374.png
2374,2375,2375.png
2375,2376,2376.png
2376,2377,2377.png
2377,2378,2378.png
2378,2379,2379.png
2379,2380,2380.png
2380,2381,2381.png
2381,2382,2382.png
2382,2383,2383.png
2383,2384,2384.png
2384,2385,2385.png
2385,2386,2386.png
2386,2387,2387.png
2387,2388,2388.png
2388,2389,2389.png
2389,2390,2390.png
2390,2391,2391.png
2391,2392,2392.png
2392,2393,2393.png
2393,2394,2394.png
2394,2395,2395.png
2395,2396,2396.png
2396,2397,2397.png
2397,2398,2398.png
2398,2399,2399.png
2399,2400,2400.png
2400,2401,2401.png
2401,2402,2402.png
2402,2403,2403.png
2403,2404,2404.png
2404,2405,2405.png
2405,2406,2406.png
2406,2407,2407.png
2407,2408,2408.png
2408,2409,2409.png
2409,2410,2410.png
2410,2411,2411.png
2411,2412,2412.png
2412,2413,2413.png
2413,2414,2414.png
2414,2415,2415.png
2415,2416,2416.png
2416,2417,2417.png
2417,2418,2418.png
2418,2419,2419.png
2419,2420,2420.png
2420,2421,2421.png
2421,2422,2422.png
2422,2423,2423.png
2423,2424,2424.png
2424,2425,2425.png
2425,2426,2426.png
2426,2427,2427.png
2427,2428,2428.png
2428,2429,2429.png
2429,2430,2430.png
2430,2431,2431.png
2431,2432,2432.png
2432,2433,2433.png
2433,2434,2434.png
2434,2435,2435.png
2435,2436,2436.png
2436,2437,2437.png
2437,2438,2438.png
2438,2439,2439.png
2439,2440,2440.png
2440,2441,2441.png
2441,2442,2442.png
2442,2443,2443.png
2443,2444,2444.png
2444,2445,2445.png
2445,2446,2446.png
2446,2447,2447.png
2447,2448,2448.png
2448,2449,2449.png
2449,2450,2450.png
2450,2451,2451.png
2451,2452,2452.png
2452,2453,2453.png
2453,2454,2454.png
2454,2455,2455.png
2455,2456,2456.png
2456,2457,2457.png
2457,2458,2458.png
2458,2459,2459.png
2459,2460,2460.png
2460,2461,2461.png
2461,2462,2462.png
2462,2463,2463.png
2463,2464,2464.png
2464,2465,2465.png
2465,2466,2466.png
2466,2467,2467.png
2467,2468,2468.png
2468,2469,2469.png
2469,2470,2470.png
2470,2471,2471.png
2471,2472,2472.png
2472,2473,2473.png
2473,2474,2474.png
2474,2475,2475.png
2475,2476,2476.png
2476,2477,2477.png
2477,2478,2478.png
2478,2479,2479.png
2479,2480,2480.png
2480,2481,2481.png
2481,2482,2482.png
2482,2483,2483.png
2483,2484,2484.png
2484,2485,2485.png
2485,2486,2486.png
2486,2487,2487.png
2487,2488,2488.png
2488,2489,2489.png
2489,2490,2490.png
2490,2491,2491.png
2491,2492,2492.png
2492,2493,2493.png
2493,2494,2494.png
2494,2495,2495.png
2495,2496,2496.png
2496,2497,2497.png
2497,2498,2498.png
2498,2499,2499.png
2499,2500,2500.png
2500,2501,2501.png
2501,2502,2502.png
2502,2503,2503.png
2503,2504,2504.png
2504,2505,2505.png
2505,2506,2506.png
2506,2507,2507.png
2507,2508,2508.png
2508,2509,2509.png
2509,2510,2510.png
2510,2511,2511.png
2511,2512,2512.png
2512,2513,2513.png
2513,2514,2514.png
2514,2515,2515.png
2515,2516,2516.png
2516,2517,2517.png
2517,2518,2518.png
2518,2519,2519.png
2519,2520,2520.png
2520,2521,2521.png
2521,2522,2522.png
2522,2523,2523.png
2523,2524,2524.png
2524,2525,2525.png
2525,2526,2526.png
2526,2527,2527.png
2527,2528,2528.png
2528,2529,2529.png
2529,2530,2530.png
2530,2531,2531.png
2531,2532,2532.png
2532,2533,2533.png
2533,2534,2534.png
2534,2535,2535.png
2535,2536,2536.png
2536,2537,2537.png
2537,2538,2538.png
2538,2539,2539.png
2539,2540,2540.png
2540,2541,2541.png
2541,2542,2542.png
2542,2543,2543.png
2543,2544,2544.png
2544,2545,2545.png
2545,2546,2546.png
2546,2547,2547.png
2547,2548,2548.png
2548,2549,2549.png
2549,2550,2550.png
2550,2551,2551.png
2551,2552,2552.png
2552,2553,2553.png
2553,2554,2554.png
2554,2555,2555.png
2555,2556,2556.png
2556,2557,2557.png
2557,2558,2558.png
2558,2559,2559.png
2559,2560,2560.png
2560,2561,2561.png
2561,2562,2562.png
2562,2563,2563.png
2563,2564,2564.png
2564,2565,2565.png
2565,2566,2566.png
2566,2567,2567.png
2567,2568,2568.png
2568,2569,2569.png
2569,2570,2570.png
2570,2571,2571.png
2571,2572,2572.png
2572,2573,2573.png
2573,2574,2574.png
2574,2575,2575.png
2575,2576,2576.png
2576,2577,2577.png
2577,2578,2578.png
2578,2579,2579.png
2579,2580,2580.png
2580,2581,2581.png
2581,2582,2582.png
2582,2583,2583.png
2583,2584,2584.png
2584,2585,2585.png
2585,2586,2586.png
2586,2587,2587.png
2587,2588,2588.png
2588,2589,2589.png
2589,2590,2590.png
2590,2591,2591.png
2591,2592,2592.png
2592,2593,2593.png
2593,2594,2594.png
2594,2595,2595.png
2595,2596,2596.png
2596,2597,2597.png
2597,2598,2598.png
2598,2599,2599.png
2599,2600,2600.png
2600,2601,2601.png
2601,2602,2602.png
2602,2603,2603.png
2603,2604,2604.png
2604,2605,2605.png
2605,2606,2606.png
2606,2607,2607.png
2607,2608,2608.png
2608,2609,2609.png
2609,2610,2610.png
2610,2611,2611.png
2611,2612,2612.png
2612,2613,2613.png
2613,2614,2614.png
2614,2615,2615.png
2615,2616,2616.png
2616,2617,2617.png
2617,2618,2618.png
2618,2619,2619.png
2619,2620,2620.png
2620,2621,2621.png
2621,2622,2622.png
2622,2623,2623.png
2623,2624,2624.png
2624,2625,2625.png
2625,2626,2626.png
2626,2627,2627.png
2627,2628,2628.png
2628,2629,2629.png
2629,2630,2630.png
2630,2631,2631.png
2631,2632,2632.png
2632,2633,2633.png
2633,2634,2634.png
2634,2635,2635.png
2635,2636,2636.png
2636,2637,2637.png
2637,2638,2638.png
2638,2639,2639.png
2639,2640,2640.png
2640,2641,2641.png
2641,2642,2642.png
2642,2643,2643.png
2643,2644,2644.png
2644,2645,2645.png
2645,2646,2646.png
2646,2647,2647.png
2647,2648,2648.png
2648,2649,2649.png
2649,2650,2650.png
2650,2651,2651.png
2651,2652,2652.png
2652,2653,2653.png
2653,2654,2654.png
2654,2655,2655.png
2655,2656,2656.png
2656,2657,2657.png
2657,2658,2658.png
2658,2659,2659.png
2659,2660,2660.png
2660,2661,2661.png
2661,2662,2662.png
2662,2663,2663.png
2663,2664,2664.png
2664,2665,2665.png
2665,2666,2666.png
2666,2667,2667.png
2667,2668,2668.png
2668,2669,2669.png
2669,2670,2670.png
2670,2671,2671.png
2671,2672,2672.png
2672,2673,2673.png
2673,2674,2674.png
2674,2675,2675.png
2675,2676,2676.png
2676,2677,2677.png
2677,2678,2678.png
2678,2679,2679.png
2679,2680,2680.png
2680,2681,2681.png
2681,2682,2682.png
2682,2683,2683.png
2683,2684,2684.png
2684,2685,2685.png
2685,2686,2686.png
2686,2687,2687.png
2687,2688,2688.png
2688,2689,2689.png
2689,2690,2690.png
2690,2691,2691.png
2691,2692,2692.png
2692,2693,2693.png
2693,2694,2694.png
2694,2695,2695.png
2695,2696,2696.png
2696,2697,2697.png
2697,2698,2698.png
2698,2699,2699.png
2699,2700,2700.png
2700,2701,2701.png
2701,2702,2702.png
2702,2703,2703.png
2703,2704,2704.png
2704,2705,2705.png
2705,2706,2706.png
2706,2707,2707.png
2707,2708,2708.png
2708,2709,2709.png
2709,2710,2710.png
2710,2711,2711.png
2711,2712,2712.png
2712,2713,2713.png
2713,2714,2714.png
2714,2715,2715.png
2715,2716,2716.png
2716,2717,2717.png
2717,2718,2718.png
2718,2719,2719.png
2719,2720,2720.png
2720,2721,2721.png
2721,2722,2722.png
2722,2723,2723.png
2723,2724,2724.png
2724,2725,2725.png
2725,2726,2726.png
2726,2727,2727.png
2727,2728,2728.png
2728,2729,2729.png
2729,2730,2730.png
2730,2731,2731.png
2731,2732,2732.png
2732,2733,2733.png
2733,2734,2734.png
2734,2735,2735.png
2735,2736,2736.png
2736,2737,2737.png
2737,2738,2738.png
2738,2739,2739.png
2739,2740,2740.png
2740,2741,2741.png
2741,2742,2742.png
2742,2743,2743.png
2743,2744,2744.png
2744,2745,2745.png
2745,2746,2746.png
2746,2747,2747.png
2747,2748,2748.png
2748,2749,2749.png
2749,2750,2750.png
2750,2751,2751.png
2751,2752,2752.png
2752,2753,2753.png
2753,2754,2754.png
2754,2755,2755.png
2755,2756,2756.png
2756,2757,2757.png
2757,2758,2758.png
2758,2759,2759.png
2759,2760,2760.png
2760,2761,2761.png
2761,2762,2762.png
2762,2763,2763.png
2763,2764,2764.png
2764,2765,2765.png
2765,2766,2766.png
2766,2767,2767.png
2767,2768,2768.png
2768,2769,2769.png
2769,2770,2770.png
2770,2771,2771.png
2771,2772,2772.png
2772,2773,2773.png
2773,2774,2774.png
2774,2775,2775.png
2775,2776,2776.png
2776,2777,2777.png
2777,2778,2778.png
2778,2779,2779.png
2779,2780,2780.png
2780,2781,2781.png
2781,2782,2782.png
2782,2783,2783.png
2783,2784,2784.png
2784,2785,2785.png
2785,2786,2786.png
2786,2787,2787.png
2787,2788,2788.png
2788,2789,2789.png
2789,2790,2790.png
2790,2791,2791.png
2791,2792,2792.png
2792,2793,2793.png
2793,2794,2794.png
2794,2795,2795.png
2795,2796,2796.png
2796,2797,2797.png
2797,2798,2798.png
2798,2799,2799.png
2799,2800,2800.png
2800,2801,2801.png
2801,2802,2802.png
2802,2803,2803.png
2803,2804,2804.png
2804,2805,2805.png
2805,2806,2806.png
2806,2807,2807.png
2807,2808,2808.png
2808,2809,2809.png
2809,2810,2810.png
2810,2811,2811.png
2811,2812,2812.png
2812,2813,2813.png
2813,2814,2814.png
2814,2815,2815.png
2815,2816,2816.png
2816,2817,2817.png
2817,2818,2818.png
2818,2819,2819.png
2819,2820,2820.png
2820,2821,2821.png
2821,2822,2822.png
2822,2823,2823.png
2823,2824,2824.png
2824,2825,2825.png
2825,2826,2826.png
2826,2827,2827.png
2827,2828,2828.png
2828,2829,2829.png
2829,2830,2830.png
2830,2831,2831.png
2831,2832,2832.png
2832,2833,2833.png
2833,2834,2834.png
2834,2835,2835.png
2835,2836,2836.png
2836,2837,2837.png
2837,2838,2838.png
2838,2839,2839.png
2839,2840,2840.png
2840,2841,2841.png
2841,2842,2842.png
2842,2843,2843.png
2843,2844,2844.png
2844,2845,2845.png
2845,2846,2846.png
2846,2847,2847.png
2847,2848,2848.png
2848,2849,2849.png
2849,2850,2850.png
2850,2851,2851.png
2851,2852,2852.png
2852,2853,2853.png
2853,2854,2854.png
2854,2855,2855.png
2855,2856,2856.png
2856,2857,2857.png
2857,2858,2858.png
2858,2859,2859.png
2859,2860,2860.png
2860,2861,2861.png
2861,2862,2862.png
2862,2863,2863.png
2863,2864,2864.png
2864,2865,2865.png
2865,2866,2866.png
2866,2867,2867.png
2867,2868,2868.png
2868,2869,2869.png
2869,2870,2870.png
2870,2871,2871.png
2871,2872,2872.png
2872,2873,2873.png
2873,2874,2874.png
2874,2875,2875.png
2875,2876,2876.png
2876,2877,2877.png
2877,2878,2878.png
2878,2879,2879.png
2879,2880,2880.png
2880,2881,2881.png
2881,2882,2882.png
2882,2883,2883.png
2883,2884,2884.png
2884,2885,2885.png
2885,2886,2886.png
2886,2887,2887.png
2887,2888,2888.png
2888,2889,2889.png
2889,2890,2890.png
2890,2891,2891.png
2891,2892,2892.png
2892,2893,2893.png
2893,2894,2894.png
2894,2895,2895.png
2895,2896,2896.png
2896,2897,2897.png
2897,2898,2898.png
2898,2899,2899.png
2899,2900,2900.png
2900,2901,2901.png
2901,2902,2902.png
2902,2903,2903.png
2903,2904,2904.png
2904,2905,2905.png
2905,2906,2906.png
2906,2907,2907.png
2907,2908,2908.png
2908,2909,2909.png
2909,2910,2910.png
2910,2911,2911.png
2911,2912,2912.png
2912,2913,2913.png
2913,2914,2914.png
2914,2915,2915.png
2915,2916,2916.png
2916,2917,2917.png
2917,2918,2918.png
2918,2919,2919.png
2919,2920,2920.png
2920,2921,2921.png
2921,2922,2922.png
2922,2923,2923.png
2923,2924,2924.png
2924,2925,2925.png
2925,2926,2926.png
2926,2927,2927.png
2927,2928,2928.png
2928,2929,2929.png
2929,2930,2930.png
2930,2931,2931.png
2931,2932,2932.png
2932,2933,2933.png
2933,2934,2934.png
2934,2935,2935.png
2935,2936,2936.png
2936,2937,2937.png
2937,2938,2938.png
2938,2939,2939.png
2939,2940,2940.png
2940,2941,2941.png
2941,2942,2942.png
2942,2943,2943.png
2943,2944,2944.png
2944,2945,2945.png
2945,2946,2946.png
2946,2947,2947.png
2947,2948,2948.png
2948,2949,2949.png
2949,2950,2950.png
2950,2951,2951.png
2951,2952,2952.png
2952,2953,2953.png
2953,2954,2954.png
2954,2955,2955.png
2955,2956,2956.png
2956,2957,2957.png
2957,2958,2958.png
2958,2959,2959.png
2959,2960,2960.png
2960,2961,2961.png
2961,2962,2962.png
2962,2963,2963.png
2963,2964,2964.png
2964,2965,2965.png
2965,2966,2966.png
2966,2967,2967.png
2967,2968,2968.png
2968,2969,2969.png
2969,2970,2970.png
2970,2971,2971.png
2971,2972,2972.png
2972,2973,2973.png
2973,2974,2974.png
2974,2975,2975.png
2975,2976,2976.png
2976,2977,2977.png
2977,2978,2978.png
2978,2979,2979.png
2979,2980,2980.png
2980,2981,2981.png
2981,2982,2982.png
2982,2983,2983.png
2983,2984,2984.png
2984,2985,2985.png
2985,2986,2986.png
2986,2987,2987.png
2987,2988,2988.png
2988,2989,2989.png
2989,2990,2990.png
2990,2991,2991.png
2991,2992,2992.png
2992,2993,2993.png
2993,2994,2994.png
2994,2995,2995.png
2995,2996,2996.png
2996,2997,2997.png
2997,2998,2998.png
2998,2999,2999.png
2999,3000,3000.png
3000,3001,3001.png
3001,3002,3002.png
3002,3003,3003.png
3003,3004,3004.png
3004,3005,3005.png
3005,3006,3006.png
3006,3007,3007.png
3007,3008,3008.png
3008,3009,3009.png
3009,3010,3010.png
3010,3011,3011.png
3011,3012,3012.png
3012,3013,3013.png
3013,3014,3014.png
3014,3015,3015.png
3015,3016,3016.png
3016,3017,3017.png
3017,3018,3018.png
3018,3019,3019.png
3019,3020,3020.png
3020,3021,3021.png
3021,3022,3022.png
3022,3023,3023.png
3023,3024,3024.png
3024,3025,3025.png
3025,3026,3026.png
3026,3027,3027.png
3027,3028,3028.png
3028,3029,3029.png
3029,3030,3030.png
3030,3031,3031.png
3031,3032,3032.png
3032,3033,3033.png
3033,3034,3034.png
3034,3035,3035.png
3035,3036,3036.png
3036,3037,3037.png
3037,3038,3038.png
3038,3039,3039.png
3039,3040,3040.png
3040,3041,3041.png
3041,3042,3042.png
3042,3043,3043.png
3043,3044,3044.png
3044,3045,3045.png
3045,3046,3046.png
3046,3047,3047.png
3047,3048,3048.png
3048,3049,3049.png
3049,3050,3050.png
3050,3051,3051.png
3051,3052,3052.png
3052,3053,3053.png
3053,3054,3054.png
3054,3055,3055.png
3055,3056,3056.png
3056,3057,3057.png
3057,3058,3058.png
3058,3059,3059.png
3059,3060,3060.png
3060,3061,3061.png
3061,3062,3062.png
3062,3063,3063.png
3063,3064,3064.png
3064,3065,3065.png
3065,3066,3066.png
3066,3067,3067.png
3067,3068,3068.png
3068,3069,3069.png
3069,3070,3070.png
3070,3071,3071.png
3071,3072,3072.png
3072,3073,3073.png
3073,3074,3074.png
3074,3075,3075.png
3075,3076,3076.png
3076,3077,3077.png
3077,3078,3078.png
3078,3079,3079.png
3079,3080,3080.png
3080,3081,3081.png
3081,3082,3082.png
3082,3083,3083.png
3083,3084,3084.png
3084,3085,3085.png
3085,3086,3086.png
3086,3087,3087.png
3087,3088,3088.png
3088,3089,3089.png
3089,3090,3090.png
3090,3091,3091.png
3091,3092,3092.png
3092,3093,3093.png
3093,3094,3094.png
3094,3095,3095.png
3095,3096,3096.png
3096,3097,3097.png
3097,3098,3098.png
3098,3099,3099.png
3099,3100,3100.png
3100,3101,3101.png
3101,3102,3102.png
3102,3103,3103.png
3103,3104,3104.png
3104,3105,3105.png
3105,3106,3106.png
3106,3107,3107.png
3107,3108,3108.png
3108,3109,3109.png
3109,3110,3110.png
3110,3111,3111.png
3111,3112,3112.png
3112,3113,3113.png
3113,3114,3114.png
3114,3115,3115.png
3115,3116,3116.png
3116,3117,3117.png
3117,3118,3118.png
3118,3119,3119.png
3119,3120,3120.png
3120,3121,3121.png
3121,3122,3122.png
3122,3123,3123.png
3123,3124,3124.png
3124,3125,3125.png
3125,3126,3126.png
3126,3127,3127.png
3127,3128,3128.png
3128,3129,3129.png
3129,3130,3130.png
3130,3131,3131.png
3131,3132,3132.png
3132,3133,3133.png
3133,3134,3134.png
3134,3135,3135.png
3135,3136,3136.png
3136,3137,3137.png
3137,3138,3138.png
3138,3139,3139.png
3139,3140,3140.png
3140,3141,3141.png
3141,3142,3142.png
3142,3143,3143.png
3143,3144,3144.png
3144,3145,3145.png
3145,3146,3146.png
3146,3147,3147.png
3147,3148,3148.png
3148,3149,3149.png
3149,3150,3150.png
3150,3151,3151.png
3151,3152,3152.png
3152,3153,3153.png
3153,3154,3154.png
3154,3155,3155.png
3155,3156,3156.png
3156,3157,3157.png
3157,3158,3158.png
3158,3159,3159.png
3159,3160,3160.png
3160,3161,3161.png
3161,3162,3162.png
3162,3163,3163.png
3163,3164,3164.png
3164,3165,3165.png
3165,3166,3166.png
3166,3167,3167.png
3167,3168,3168.png
3168,3169,3169.png
3169,3170,3170.png
3170,3171,3171.png
3171,3172,3172.png
3172,3173,3173.png
3173,3174,3174.png
3174,3175,3175.png
3175,3176,3176.png
3176,3177,3177.png
3177,3178,3178.png
3178,3179,3179.png
3179,3180,3180.png
3180,3181,3181.png
3181,3182,3182.png
3182,3183,3183.png
3183,3184,3184.png
3184,3185,3185.png
3185,3186,3186.png
3186,3187,3187.png
3187,3188,3188.png
3188,3189,3189.png
3189,3190,3190.png
3190,3191,3191.png
3191,3192,3192.png
3192,3193,3193.png
3193,3194,3194.png
3194,3195,3195.png
3195,3196,3196.png
3196,3197,3197.png
3197,3198,3198.png
3198,3199,3199.png
3199,3200,3200.png
3200,3201,3201.png
3201,3202,3202.png
3202,3203,3203.png
3203,3204,3204.png
3204,3205,3205.png
3205,3206,3206.png
3206,3207,3207.png
3207,3208,3208.png
3208,3209,3209.png
3209,3210,3210.png
3210,3211,3211.png
3211,3212,3212.png
3212,3213,3213.png
3213,3214,3214.png
3214,3215,3215.png
3215,3216,3216.png
3216,3217,3217.png
3217,3218,3218.png
3218,3219,3219.png
3219,3220,3220.png
3220,3221,3221.png
3221,3222,3222.png
3222,3223,3223.png
3223,3224,3224.png
3224,3225,3225.png
3225,3226,3226.png
3226,3227,3227.png
3227,3228,3228.png
3228,3229,3229.png
3229,3230,3230.png
3230,3231,3231.png
3231,3232,3232.png
3232,3233,3233.png
3233,3234,3234.png
3234,3235,3235.png
3235,3236,3236.png
3236,3237,3237.png
3237,3238,3238.png
3238,3239,3239.png
3239,3240,3240.png
3240,3241,3241.png
3241,3242,3242.png
3242,3243,3243.png
3243,3244,3244.png
3244,3245,3245.png
3245,3246,3246.png
3246,3247,3247.png
3247,3248,3248.png
3248,3249,3249.png
3249,3250,3250.png
3250,3251,3251.png
3251,3252,3252.png
3252,3253,3253.png
3253,3254,3254.png
3254,3255,3255.png
3255,3256,3256.png
3256,3257,3257.png
3257,3258,3258.png
3258,3259,3259.png
3259,3260,3260.png
3260,3261,3261.png
3261,3262,3262.png
3262,3263,3263.png
3263,3264,3264.png
3264,3265,3265.png
3265,3266,3266.png
3266,3267,3267.png
3267,3268,3268.png
3268,3269,3269.png
3269,3270,3270.png
3270,3271,3271.png
3271,3272,3272.png
3272,3273,3273.png
3273,3274,3274.png
3274,3275,3275.png
3275,3276,3276.png
3276,3277,3277.png
3277,3278,3278.png
3278,3279,3279.png
3279,3280,3280.png
3280,3281,3281.png
3281,3282,3282.png
3282,3283,3283.png
3283,3284,3284.png
3284,3285,3285.png
3285,3286,3286.png
3286,3287,3287.png
3287,3288,3288.png
3288,3289,3289.png
3289,3290,3290.png
3290,3291,3291.png
3291,3292,3292.png
3292,3293,3293.png
3293,3294,3294.png
3294,3295,3295.png
3295,3296,3296.png
3296,3297,3297.png
3297,3298,3298.png
3298,3299,3299.png
3299,3300,3300.png
3300,3301,3301.png
3301,3302,3302.png
3302,3303,3303.png
3303,3304,3304.png
3304,3305,3305.png
3305,3306,3306.png
3306,3307,3307.png
3307,3308,3308.png
3308,3309,3309.png
3309,3310,3310.png
3310,3311,3311.png
3311,3312,3312.png
3312,3313,3313.png
3313,3314,3314.png
3314,3315,3315.png
3315,3316,3316.png
3316,3317,3317.png
3317,3318,3318.png
3318,3319,3319.png
3319,3320,3320.png
3320,3321,3321.png
3321,3322,3322.png
3322,3323,3323.png
3323,3324,3324.png
3324,3325,3325.png
3325,3326,3326.png
3326,3327,3327.png
3327,3328,3328.png
3328,3329,3329.png
3329,3330,3330.png
3330,3331,3331.png
3331,3332,3332.png
3332,3333,3333.png
3333,3334,3334.png
3334,3335,3335.png
3335,3336,3336.png
3336,3337,3337.png
3337,3338,3338.png
3338,3339,3339.png
3339,3340,3340.png
3340,3341,3341.png
3341,3342,3342.png
3342,3343,3343.png
3343,3344,3344.png
3344,3345,3345.png
3345,3346,3346.png
3346,3347,3347.png
3347,3348,3348.png
3348,3349,3349.png
3349,3350,3350.png
3350,3351,3351.png
3351,3352,3352.png
3352,3353,3353.png
3353,3354,3354.png
3354,3355,3355.png
3355,3356,3356.png
3356,3357,3357.png
3357,3358,3358.png
3358,3359,3359.png
3359,3360,3360.png
3360,3361,3361.png
3361,3362,3362.png
3362,3363,3363.png
3363,3364,3364.png
3364,3365,3365.png
3365,3366,3366.png
3366,3367,3367.png
3367,3368,3368.png
3368,3369,3369.png
3369,3370,3370.png
3370,3371,3371.png
3371,3372,3372.png
3372,3373,3373.png
3373,3374,3374.png
3374,3375,3375.png
3375,3376,3376.png
3376,3377,3377.png
3377,3378,3378.png
3378,3379,3379.png
3379,3380,3380.png
3380,3381,3381.png
3381,3382,3382.png
3382,3383,3383.png
3383,3384,3384.png
3384,3385,3385.png
3385,3386,3386.png
3386,3387,3387.png
3387,3388,3388.png
3388,3389,3389.png
3389,3390,3390.png
3390,3391,3391.png
3391,3392,3392.png
3392,3393,3393.png
3393,3394,3394.png
3394,3395,3395.png
3395,3396,3396.png
3396,3397,3397.png
3397,3398,3398.png
3398,3399,3399.png
3399,3400,3400.png
3400,3401,3401.png
3401,3402,3402.png
3402,3403,3403.png
3403,3404,3404.png
3404,3405,3405.png
3405,3406,3406.png
3406,3407,3407.png
3407,3408,3408.png
3408,3409,3409.png
3409,3410,3410.png
3410,3411,3411.png
3411,3412,3412.png
3412,3413,3413.png
3413,3414,3414.png
3414,3415,3415.png
3415,3416,3416.png
3416,3417,3417.png
3417,3418,3418.png
3418,3419,3419.png
3419,3420,3420.png
3420,3421,3421.png
3421,3422,3422.png
3422,3423,3423.png
3423,3424,3424.png
3424,3425,3425.png
3425,3426,3426.png
3426,3427,3427.png
3427,3428,3428.png
3428,3429,3429.png
3429,3430,3430.png
3430,3431,3431.png
3431,3432,3432.png
3432,3433,3433.png
3433,3434,3434.png
3434,3435,3435.png
3435,3436,3436.png
3436,3437,3437.png
3437,3438,3438.png
3438,3439,3439.png
3439,3440,3440.png
3440,3441,3441.png
3441,3442,3442.png
3442,3443,3443.png
3443,3444,3444.png
3444,3445,3445.png
3445,3446,3446.png
3446,3447,3447.png
3447,3448,3448.png
3448,3449,3449.png
3449,3450,3450.png
3450,3451,3451.png
3451,3452,3452.png
3452,3453,3453.png
3453,3454,3454.png
3454,3455,3455.png
3455,3456,3456.png
3456,3457,3457.png
3457,3458,3458.png
3458,3459,3459.png
3459,3460,3460.png
3460,3461,3461.png
3461,3462,3462.png
3462,3463,3463.png
3463,3464,3464.png
3464,3465,3465.png
3465,3466,3466.png
3466,3467,3467.png
3467,3468,3468.png
3468,3469,3469.png
3469,3470,3470.png
3470,3471,3471.png
3471,3472,3472.png
3472,3473,3473.png
3473,3474,3474.png
3474,3475,3475.png
3475,3476,3476.png
3476,3477,3477.png
3477,3478,3478.png
3478,3479,3479.png
3479,3480,3480.png
3480,3481,3481.png
3481,3482,3482.png
3482,3483,3483.png
3483,3484,3484.png
3484,3485,3485.png
3485,3486,3486.png
3486,3487,3487.png
3487,3488,3488.png
3488,3489,3489.png
3489,3490,3490.png
3490,3491,3491.png
3491,3492,3492.png
3492,3493,3493.png
3493,3494,3494.png
3494,3495,3495.png
3495,3496,3496.png
3496,3497,3497.png
3497,3498,3498.png
3498,3499,3499.png
3499,3500,3500.png
3500,3501,3501.png
3501,3502,3502.png
3502,3503,3503.png
3503,3504,3504.png
3504,3505,3505.png
3505,3506,3506.png
3506,3507,3507.png
3507,3508,3508.png
3508,3509,3509.png
3509,3510,3510.png
3510,3511,3511.png
3511,3512,3512.png
3512,3513,3513.png
3513,3514,3514.png
3514,3515,3515.png
3515,3516,3516.png
3516,3517,3517.png
3517,3518,3518.png
3518,3519,3519.png
3519,3520,3520.png
3520,3521,3521.png
3521,3522,3522.png
3522,3523,3523.png
3523,3524,3524.png
3524,3525,3525.png
3525,3526,3526.png
3526,3527,3527.png
3527,3528,3528.png
3528,3529,3529.png
3529,3530,3530.png
3530,3531,3531.png
3531,3532,3532.png
3532,3533,3533.png
3533,3534,3534.png
3534,3535,3535.png
3535,3536,3536.png
3536,3537,3537.png
3537,3538,3538.png
3538,3539,3539.png
3539,3540,3540.png
3540,3541,3541.png
3541,3542,3542.png
3542,3543,3543.png
3543,3544,3544.png
3544,3545,3545.png
3545,3546,3546.png
3546,3547,3547.png
3547,3548,3548.png
3548,3549,3549.png
3549,3550,3550.png
3550,3551,3551.png
3551,3552,3552.png
3552,3553,3553.png
3553,3554,3554.png
3554,3555,3555.png
3555,3556,3556.png
3556,3557,3557.png
3557,3558,3558.png
3558,3559,3559.png
3559,3560,3560.png
3560,3561,3561.png
3561,3562,3562.png
3562,3563,3563.png
3563,3564,3564.png
3564,3565,3565.png
3565,3566,3566.png
3566,3567,3567.png
3567,3568,3568.png
3568,3569,3569.png
3569,3570,3570.png
3570,3571,3571.png
3571,3572,3572.png
3572,3573,3573.png
3573,3574,3574.png
3574,3575,3575.png
3575,3576,3576.png
3576,3577,3577.png
3577,3578,3578.png
3578,3579,3579.png
3579,3580,3580.png
3580,3581,3581.png
3581,3582,3582.png
3582,3583,3583.png
3583,3584,3584.png
3584,3585,3585.png
3585,3586,3586.png
3586,3587,3587.png
3587,3588,3588.png
3588,3589,3589.png
3589,3590,3590.png
3590,3591,3591.png
3591,3592,3592.png
3592,3593,3593.png
3593,3594,3594.png
3594,3595,3595.png
3595,3596,3596.png
3596,3597,3597.png
3597,3598,3598.png
3598,3599,3599.png
3599,3600,3600.png
3600,3601,3601.png
3601,3602,3602.png
3602,3603,3603.png
3603,3604,3604.png
3604,3605,3605.png
3605,3606,3606.png
3606,3607,3607.png
3607,3608,3608.png
3608,3609,3609.png
3609,3610,3610.png
3610,3611,3611.png
3611,3612,3612.png
3612,3613,3613.png
3613,3614,3614.png
3614,3615,3615.png
3615,3616,3616.png
3616,3617,3617.png
3617,3618,3618.png
3618,3619,3619.png
3619,3620,3620.png
3620,3621,3621.png
3621,3622,3622.png
3622,3623,3623.png
3623,3624,3624.png
3624,3625,3625.png
3625,3626,3626.png
3626,3627,3627.png
3627,3628,3628.png
3628,3629,3629.png
3629,3630,3630.png
3630,3631,3631.png
3631,3632,3632.png
3632,3633,3633.png
3633,3634,3634.png
3634,3635,3635.png
3635,3636,3636.png
3636,3637,3637.png
3637,3638,3638.png
3638,3639,3639.png
3639,3640,3640.png
3640,3641,3641.png
3641,3642,3642.png
3642,3643,3643.png
3643,3644,3644.png
3644,3645,3645.png
3645,3646,3646.png
3646,3647,3647.png
3647,3648,3648.png
3648,3649,3649.png
3649,3650,3650.png
3650,3651,3651.png
3651,3652,3652.png
3652,3653,3653.png
3653,3654,3654.png
3654,3655,3655.png
3655,3656,3656.png
3656,3657,3657.png
3657,3658,3658.png
3658,3659,3659.png
3659,3660,3660.png
3660,3661,3661.png
3661,3662,3662.png
3662,3663,3663.png
3663,3664,3664.png
3664,3665,3665.png
3665,3666,3666.png
3666,3667,3667.png
3667,3668,3668.png
3668,3669,3669.png
3669,3670,3670.png
3670,3671,3671.png
3671,3672,3672.png
3672,3673,3673.png
3673,3674,3674.png
3674,3675,3675.png
3675,3676,3676.png
3676,3677,3677.png
3677,3678,3678.png
3678,3679,3679.png
3679,3680,3680.png
3680,3681,3681.png
3681,3682,3682.png
3682,3683,3683.png
3683,3684,3684.png
3684,3685,3685.png
3685,3686,3686.png
3686,3687,3687.png
3687,3688,3688.png
3688,3689,3689.png
3689,3690,3690.png
3690,3691,3691.png
3691,3692,3692.png
3692,3693,3693.png
3693,3694,3694.png
3694,3695,3695.png
3695,3696,3696.png
3696,3697,3697.png
3697,3698,3698.png
3698,3699,3699.png
3699,3700,3700.png
3700,3701,3701.png
3701,3702,3702.png
3702,3703,3703.png
3703,3704,3704.png
3704,3705,3705.png
3705,3706,3706.png
3706,3707,3707.png
3707,3708,3708.png
3708,3709,3709.png
3709,3710,3710.png
3710,3711,3711.png
3711,3712,3712.png
3712,3713,3713.png
3713,3714,3714.png
3714,3715,3715.png
3715,3716,3716.png
3716,3717,3717.png
3717,3718,3718.png
3718,3719,3719.png
3719,3720,3720.png
3720,3721,3721.png
3721,3722,3722.png
3722,3723,3723.png
3723,3724,3724.png
3724,3725,3725.png
3725,3726,3726.png
3726,3727,3727.png
3727,3728,3728.png
3728,3729,3729.png
3729,3730,3730.png
3730,3731,3731.png
3731,3732,3732.png
3732,3733,3733.png
3733,3734,3734.png
3734,3735,3735.png
3735,3736,3736.png
3736,3737,3737.png
3737,3738,3738.png
3738,3739,3739.png
3739,3740,3740.png
3740,3741,3741.png
3741,3742,3742.png
3742,3743,3743.png
3743,3744,3744.png
3744,3745,3745.png
3745,3746,3746.png
3746,3747,3747.png
3747,3748,3748.png
3748,3749,3749.png
3749,3750,3750.png
3750,3751,3751.png
3751,3752,3752.png
3752,3753,3753.png
3753,3754,3754.png
3754,3755,3755.png
3755,3756,3756.png
3756,3757,3757.png
3757,3758,3758.png
3758,3759,3759.png
3759,3760,3760.png
3760,3761,3761.png
3761,3762,3762.png
3762,3763,3763.png
3763,3764,3764.png
3764,3765,3765.png
3765,3766,3766.png
3766,3767,3767.png
3767,3768,3768.png
3768,3769,3769.png
3769,3770,3770.png
3770,3771,3771.png
3771,3772,3772.png
3772,3773,3773.png
3773,3774,3774.png
3774,3775,3775.png
3775,3776,3776.png
3776,3777,3777.png
3777,3778,3778.png
3778,3779,3779.png
3779,3780,3780.png
3780,3781,3781.png
3781,3782,3782.png
3782,3783,3783.png
3783,3784,3784.png
3784,3785,3785.png
3785,3786,3786.png
3786,3787,3787.png
3787,3788,3788.png
3788,3789,3789.png
3789,3790,3790.png
3790,3791,3791.png
3791,3792,3792.png
3792,3793,3793.png
3793,3794,3794.png
3794,3795,3795.png
3795,3796,3796.png
3796,3797,3797.png
3797,3798,3798.png
3798,3799,3799.png
3799,3800,3800.png
3800,3801,3801.png
3801,3802,3802.png
3802,3803,3803.png
3803,3804,3804.png
3804,3805,3805.png
3805,3806,3806.png
3806,3807,3807.png
3807,3808,3808.png
3808,3809,3809.png
3809,3810,3810.png
3810,3811,3811.png
3811,3812,3812.png
3812,3813,3813.png
3813,3814,3814.png
3814,3815,3815.png
3815,3816,3816.png
3816,3817,3817.png
3817,3818,3818.png
3818,3819,3819.png
3819,3820,3820.png
3820,3821,3821.png
3821,3822,3822.png
3822,3823,3823.png
3823,3824,3824.png
3824,3825,3825.png
3825,3826,3826.png
3826,3827,3827.png
3827,3828,3828.png
3828,3829,3829.png
3829,3830,3830.png
3830,3831,3831.png
3831,3832,3832.png
3832,3833,3833.png
3833,3834,3834.png
3834,3835,3835.png
3835,3836,3836.png
3836,3837,3837.png
3837,3838,3838.png
3838,3839,3839.png
3839,3840,3840.png
3840,3841,3841.png
3841,3842,3842.png
3842,3843,3843.png
3843,3844,3844.png
3844,3845,3845.png
3845,3846,3846.png
3846,3847,3847.png
3847,3848,3848.png
3848,3849,3849.png
3849,3850,3850.png
3850,3851,3851.png
3851,3852,3852.png
3852,3853,3853.png
3853,3854,3854.png
3854,3855,3855.png
3855,3856,3856.png
3856,3857,3857.png
3857,3858,3858.png
3858,3859,3859.png
3859,3860,3860.png
3860,3861,3861.png
3861,3862,3862.png
3862,3863,3863.png
3863,3864,3864.png
3864,3865,3865.png
3865,3866,3866.png
3866,3867,3867.png
3867,3868,3868.png
3868,3869,3869.png
3869,3870,3870.png
3870,3871,3871.png
3871,3872,3872.png
3872,3873,3873.png
3873,3874,3874.png
3874,3875,3875.png
3875,3876,3876.png
3876,3877,3877.png
3877,3878,3878.png
3878,3879,3879.png
3879,3880,3880.png
3880,3881,3881.png
3881,3882,3882.png
3882,3883,3883.png
3883,3884,3884.png
3884,3885,3885.png
3885,3886,3886.png
3886,3887,3887.png
3887,3888,3888.png
3888,3889,3889.png
3889,3890,3890.png
3890,3891,3891.png
3891,3892,3892.png
3892,3893,3893.png
3893,3894,3894.png
3894,3895,3895.png
3895,3896,3896.png
3896,3897,3897.png
3897,3898,3898.png
3898,3899,3899.png
3899,3900,3900.png
3900,3901,3901.png
3901,3902,3902.png
3902,3903,3903.png
3903,3904,3904.png
3904,3905,3905.png
3905,3906,3906.png
3906,3907,3907.png
3907,3908,3908.png
3908,3909,3909.png
3909,3910,3910.png
3910,3911,3911.png
3911,3912,3912.png
3912,3913,3913.png
3913,3914,3914.png
3914,3915,3915.png
3915,3916,3916.png
3916,3917,3917.png
3917,3918,3918.png
3918,3919,3919.png
3919,3920,3920.png
3920,3921,3921.png
3921,3922,3922.png
3922,3923,3923.png
3923,3924,3924.png
3924,3925,3925.png
3925,3926,3926.png
3926,3927,3927.png
3927,3928,3928.png
3928,3929,3929.png
3929,3930,3930.png
3930,3931,3931.png
3931,3932,3932.png
3932,3933,3933.png
3933,3934,3934.png
3934,3935,3935.png
3935,3936,3936.png
3936,3937,3937.png
3937,3938,3938.png
3938,3939,3939.png
3939,3940,3940.png
3940,3941,3941.png
3941,3942,3942.png
3942,3943,3943.png
3943,3944,3944.png
3944,3945,3945.png
3945,3946,3946.png
3946,3947,3947.png
3947,3948,3948.png
3948,3949,3949.png
3949,3950,3950.png
3950,3951,3951.png
3951,3952,3952.png
3952,3953,3953.png
3953,3954,3954.png
3954,3955,3955.png
3955,3956,3956.png
3956,3957,3957.png
3957,3958,3958.png
3958,3959,3959.png
3959,3960,3960.png
3960,3961,3961.png
3961,3962,3962.png
3962,3963,3963.png
3963,3964,3964.png
3964,3965,3965.png
3965,3966,3966.png
3966,3967,3967.png
3967,3968,3968.png
3968,3969,3969.png
3969,3970,3970.png
3970,3971,3971.png
3971,3972,3972.png
3972,3973,3973.png
3973,3974,3974.png
3974,3975,3975.png
3975,3976,3976.png
3976,3977,3977.png
3977,3978,3978.png
3978,3979,3979.png
3979,3980,3980.png
3980,3981,3981.png
3981,3982,3982.png
3982,3983,3983.png
3983,3984,3984.png
3984,3985,3985.png
3985,3986,3986.png
3986,3987,3987.png
3987,3988,3988.png
3988,3989,3989.png
3989,3990,3990.png
3990,3991,3991.png
3991,3992,3992.png
3992,3993,3993.png
3993,3994,3994.png
3994,3995,3995.png
3995,3996,3996.png
3996,3997,3997.png
3997,3998,3998.png
3998,3999,3999.png
3999,4000,4000.png
4000,4001,4001.png
4001,4002,4002.png
4002,4003,4003.png
4003,4004,4004.png
4004,4005,4005.png
4005,4006,4006.png
4006,4007,4007.png
4007,4008,4008.png
4008,4009,4009.png
4009,4010,4010.png
4010,4011,4011.png
4011,4012,4012.png
4012,4013,4013.png
4013,4014,4014.png
4014,4015,4015.png
4015,4016,4016.png
4016,4017,4017.png
4017,4018,4018.png
4018,4019,4019.png
4019,4020,4020.png
4020,4021,4021.png
4021,4022,4022.png
4022,4023,4023.png
4023,4024,4024.png
4024,4025,4025.png
4025,4026,4026.png
4026,4027,4027.png
4027,4028,4028.png
4028,4029,4029.png
4029,4030,4030.png
4030,4031,4031.png
4031,4032,4032.png
4032,4033,4033.png
4033,4034,4034.png
4034,4035,4035.png
4035,4036,4036.png
4036,4037,4037.png
4037,4038,4038.png
4038,4039,4039.png
4039,4040,4040.png
4040,4041,4041.png
4041,4042,4042.png
4042,4043,4043.png
4043,4044,4044.png
4044,4045,4045.png
4045,4046,4046.png
4046,4047,4047.png
4047,4048,4048.png
4048,4049,4049.png
4049,4050,4050.png
4050,4051,4051.png
4051,4052,4052.png
4052,4053,4053.png
4053,4054,4054.png
4054,4055,4055.png
4055,4056,4056.png
4056,4057,4057.png
4057,4058,4058.png
4058,4059,4059.png
4059,4060,4060.png
4060,4061,4061.png
4061,4062,4062.png
4062,4063,4063.png
4063,4064,4064.png
4064,4065,4065.png
4065,4066,4066.png
4066,4067,4067.png
4067,4068,4068.png
4068,4069,4069.png
4069,4070,4070.png
4070,4071,4071.png
4071,4072,4072.png
4072,4073,4073.png
4073,4074,4074.png
4074,4075,4075.png
4075,4076,4076.png
4076,4077,4077.png
4077,4078,4078.png
4078,4079,4079.png
4079,4080,4080.png
4080,4081,4081.png
4081,4082,4082.png
4082,4083,4083.png
4083,4084,4084.png
4084,4085,4085.png
4085,4086,4086.png
4086,4087,4087.png
4087,4088,4088.png
4088,4089,4089.png
4089,4090,4090.png
4090,4091,4091.png
4091,4092,4092.png
4092,4093,4093.png
4093,4094,4094.png
4094,4095,4095.png
4095,4096,4096.png
4096,4097,4097.png
4097,4098,4098.png
4098,4099,4099.png
4099,4100,4100.png
4100,4101,4101.png
4101,4102,4102.png
4102,4103,4103.png
4103,4104,4104.png
4104,4105,4105.png
4105,4106,4106.png
4106,4107,4107.png
4107,4108,4108.png
4108,4109,4109.png
4109,4110,4110.png
4110,4111,4111.png
4111,4112,4112.png
4112,4113,4113.png
4113,4114,4114.png
4114,4115,4115.png
4115,4116,4116.png
4116,4117,4117.png
4117,4118,4118.png
4118,4119,4119.png
4119,4120,4120.png
4120,4121,4121.png
4121,4122,4122.png
4122,4123,4123.png
4123,4124,4124.png
4124,4125,4125.png
4125,4126,4126.png
4126,4127,4127.png
4127,4128,4128.png
4128,4129,4129.png
4129,4130,4130.png
4130,4131,4131.png
4131,4132,4132.png
4132,4133,4133.png
4133,4134,4134.png
4134,4135,4135.png
4135,4136,4136.png
4136,4137,4137.png
4137,4138,4138.png
4138,4139,4139.png
4139,4140,4140.png
4140,4141,4141.png
4141,4142,4142.png
4142,4143,4143.png
4143,4144,4144.png
4144,4145,4145.png
4145,4146,4146.png
4146,4147,4147.png
4147,4148,4148.png
4148,4149,4149.png
4149,4150,4150.png
4150,4151,4151.png
4151,4152,4152.png
4152,4153,4153.png
4153,4154,4154.png
4154,4155,4155.png
4155,4156,4156.png
4156,4157,4157.png
4157,4158,4158.png
4158,4159,4159.png
4159,4160,4160.png
4160,4161,4161.png
4161,4162,4162.png
4162,4163,4163.png
4163,4164,4164.png
4164,4165,4165.png
4165,4166,4166.png
4166,4167,4167.png
4167,4168,4168.png
4168,4169,4169.png
4169,4170,4170.png
4170,4171,4171.png
4171,4172,4172.png
4172,4173,4173.png
4173,4174,4174.png
4174,4175,4175.png
4175,4176,4176.png
4176,4177,4177.png
4177,4178,4178.png
4178,4179,4179.png
4179,4180,4180.png
4180,4181,4181.png
4181,4182,4182.png
4182,4183,4183.png
4183,4184,4184.png
4184,4185,4185.png
4185,4186,4186.png
4186,4187,4187.png
4187,4188,4188.png
4188,4189,4189.png
4189,4190,4190.png
4190,4191,4191.png
4191,4192,4192.png
4192,4193,4193.png
4193,4194,4194.png
4194,4195,4195.png
4195,4196,4196.png
4196,4197,4197.png
4197,4198,4198.png
4198,4199,4199.png
4199,4200,4200.png
4200,4201,4201.png
4201,4202,4202.png
4202,4203,4203.png
4203,4204,4204.png
4204,4205,4205.png
4205,4206,4206.png
4206,4207,4207.png
4207,4208,4208.png
4208,4209,4209.png
4209,4210,4210.png
4210,4211,4211.png
4211,4212,4212.png
4212,4213,4213.png
4213,4214,4214.png
4214,4215,4215.png
4215,4216,4216.png
4216,4217,4217.png
4217,4218,4218.png
4218,4219,4219.png
4219,4220,4220.png
4220,4221,4221.png
4221,4222,4222.png
4222,4223,4223.png
4223,4224,4224.png
4224,4225,4225.png
4225,4226,4226.png
4226,4227,4227.png
4227,4228,4228.png
4228,4229,4229.png
4229,4230,4230.png
4230,4231,4231.png
4231,4232,4232.png
4232,4233,4233.png
4233,4234,4234.png
4234,4235,4235.png
4235,4236,4236.png
4236,4237,4237.png
4237,4238,4238.png
4238,4239,4239.png
4239,4240,4240.png
4240,4241,4241.png
4241,4242,4242.png
4242,4243,4243.png
4243,4244,4244.png
4244,4245,4245.png
4245,4246,4246.png
4246,4247,4247.png
4247,4248,4248.png
4248,4249,4249.png
4249,4250,4250.png
4250,4251,4251.png
4251,4252,4252.png
4252,4253,4253.png
4253,4254,4254.png
4254,4255,4255.png
4255,4256,4256.png
4256,4257,4257.png
4257,4258,4258.png
4258,4259,4259.png
4259,4260,4260.png
4260,4261,4261.png
4261,4262,4262.png
4262,4263,4263.png
4263,4264,4264.png
4264,4265,4265.png
4265,4266,4266.png
4266,4267,4267.png
4267,4268,4268.png
4268,4269,4269.png
4269,4270,4270.png
4270,4271,4271.png
4271,4272,4272.png
4272,4273,4273.png
4273,4274,4274.png
4274,4275,4275.png
4275,4276,4276.png
4276,4277,4277.png
4277,4278,4278.png
4278,4279,4279.png
4279,4280,4280.png
4280,4281,4281.png
4281,4282,4282.png
4282,4283,4283.png
4283,4284,4284.png
4284,4285,4285.png
4285,4286,4286.png
4286,4287,4287.png
4287,4288,4288.png
4288,4289,4289.png
4289,4290,4290.png
4290,4291,4291.png
4291,4292,4292.png
4292,4293,4293.png
4293,4294,4294.png
4294,4295,4295.png
4295,4296,4296.png
4296,4297,4297.png
4297,4298,4298.png
4298,4299,4299.png
4299,4300,4300.png
4300,4301,4301.png
4301,4302,4302.png
4302,4303,4303.png
4303,4304,4304.png
4304,4305,4305.png
4305,4306,4306.png
4306,4307,4307.png
4307,4308,4308.png
4308,4309,4309.png
4309,4310,4310.png
4310,4311,4311.png
4311,4312,4312.png
4312,4313,4313.png
4313,4314,4314.png
4314,4315,4315.png
4315,4316,4316.png
4316,4317,4317.png
4317,4318,4318.png
4318,4319,4319.png
4319,4320,4320.png
4320,4321,4321.png
4321,4322,4322.png
4322,4323,4323.png
4323,4324,4324.png
4324,4325,4325.png
4325,4326,4326.png
4326,4327,4327.png
4327,4328,4328.png
4328,4329,4329.png
4329,4330,4330.png
4330,4331,4331.png
4331,4332,4332.png
4332,4333,4333.png
4333,4334,4334.png
4334,4335,4335.png
4335,4336,4336.png
4336,4337,4337.png
4337,4338,4338.png
4338,4339,4339.png
4339,4340,4340.png
4340,4341,4341.png
4341,4342,4342.png
4342,4343,4343.png
4343,4344,4344.png
4344,4345,4345.png
4345,4346,4346.png
4346,4347,4347.png
4347,4348,4348.png
4348,4349,4349.png
4349,4350,4350.png
4350,4351,4351.png
4351,4352,4352.png
4352,4353,4353.png
4353,4354,4354.png
4354,4355,4355.png
4355,4356,4356.png
4356,4357,4357.png
4357,4358,4358.png
4358,4359,4359.png
4359,4360,4360.png
4360,4361,4361.png
4361,4362,4362.png
4362,4363,4363.png
4363,4364,4364.png
4364,4365,4365.png
4365,4366,4366.png
4366,4367,4367.png
4367,4368,4368.png
4368,4369,4369.png
4369,4370,4370.png
4370,4371,4371.png
4371,4372,4372.png
4372,4373,4373.png
4373,4374,4374.png
4374,4375,4375.png
4375,4376,4376.png
4376,4377,4377.png
4377,4378,4378.png
4378,4379,4379.png
4379,4380,4380.png
4380,4381,4381.png
4381,4382,4382.png
4382,4383,4383.png
4383,4384,4384.png
4384,4385,4385.png
4385,4386,4386.png
4386,4387,4387.png
4387,4388,4388.png
4388,4389,4389.png
4389,4390,4390.png
4390,4391,4391.png
4391,4392,4392.png
4392,4393,4393.png
4393,4394,4394.png
4394,4395,4395.png
4395,4396,4396.png
4396,4397,4397.png
4397,4398,4398.png
4398,4399,4399.png
4399,4400,4400.png
4400,4401,4401.png
4401,4402,4402.png
4402,4403,4403.png
4403,4404,4404.png
4404,4405,4405.png
4405,4406,4406.png
4406,4407,4407.png
4407,4408,4408.png
4408,4409,4409.png
4409,4410,4410.png
4410,4411,4411.png
4411,4412,4412.png
4412,4413,4413.png
4413,4414,4414.png
4414,4415,4415.png
4415,4416,4416.png
4416,4417,4417.png
4417,4418,4418.png
4418,4419,4419.png
4419,4420,4420.png
4420,4421,4421.png
4421,4422,4422.png
4422,4423,4423.png
4423,4424,4424.png
4424,4425,4425.png
4425,4426,4426.png
4426,4427,4427.png
4427,4428,4428.png
4428,4429,4429.png
4429,4430,4430.png
4430,4431,4431.png
4431,4432,4432.png
4432,4433,4433.png
4433,4434,4434.png
4434,4435,4435.png
4435,4436,4436.png
4436,4437,4437.png
4437,4438,4438.png
4438,4439,4439.png
4439,4440,4440.png
4440,4441,4441.png
4441,4442,4442.png
4442,4443,4443.png
4443,4444,4444.png
4444,4445,4445.png
4445,4446,4446.png
4446,4447,4447.png
4447,4448,4448.png
4448,4449,4449.png
4449,4450,4450.png
4450,4451,4451.png
4451,4452,4452.png
4452,4453,4453.png
4453,4454,4454.png
4454,4455,4455.png
4455,4456,4456.png
4456,4457,4457.png
4457,4458,4458.png
4458,4459,4459.png
4459,4460,4460.png
4460,4461,4461.png
4461,4462,4462.png
4462,4463,4463.png
4463,4464,4464.png
4464,4465,4465.png
4465,4466,4466.png
4466,4467,4467.png
4467,4468,4468.png
4468,4469,4469.png
4469,4470,4470.png
4470,4471,4471.png
4471,4472,4472.png
4472,4473,4473.png
4473,4474,4474.png
4474,4475,4475.png
4475,4476,4476.png
4476,4477,4477.png
4477,4478,4478.png
4478,4479,4479.png
4479,4480,4480.png
4480,4481,4481.png
4481,4482,4482.png
4482,4483,4483.png
4483,4484,4484.png
4484,4485,4485.png
4485,4486,4486.png
4486,4487,4487.png
4487,4488,4488.png
4488,4489,4489.png
4489,4490,4490.png
4490,4491,4491.png
4491,4492,4492.png
4492,4493,4493.png
4493,4494,4494.png
4494,4495,4495.png
4495,4496,4496.png
4496,4497,4497.png
4497,4498,4498.png
4498,4499,4499.png
4499,4500,4500.png
4500,4501,4501.png
4501,4502,4502.png
4502,4503,4503.png
4503,4504,4504.png
4504,4505,4505.png
4505,4506,4506.png
4506,4507,4507.png
4507,4508,4508.png
4508,4509,4509.png
4509,4510,4510.png
4510,4511,4511.png
4511,4512,4512.png
4512,4513,4513.png
4513,4514,4514.png
4514,4515,4515.png
4515,4516,4516.png
4516,4517,4517.png
4517,4518,4518.png
4518,4519,4519.png
4519,4520,4520.png
4520,4521,4521.png
4521,4522,4522.png
4522,4523,4523.png
4523,4524,4524.png
4524,4525,4525.png
4525,4526,4526.png
4526,4527,4527.png
4527,4528,4528.png
4528,4529,4529.png
4529,4530,4530.png
4530,4531,4531.png
4531,4532,4532.png
4532,4533,4533.png
4533,4534,4534.png
4534,4535,4535.png
4535,4536,4536.png
4536,4537,4537.png
4537,4538,4538.png
4538,4539,4539.png
4539,4540,4540.png
4540,4541,4541.png
4541,4542,4542.png
4542,4543,4543.png
4543,4544,4544.png
4544,4545,4545.png
4545,4546,4546.png
4546,4547,4547.png
4547,4548,4548.png
4548,4549,4549.png
4549,4550,4550.png
4550,4551,4551.png
4551,4552,4552.png
4552,4553,4553.png
4553,4554,4554.png
4554,4555,4555.png
4555,4556,4556.png
4556,4557,4557.png
4557,4558,4558.png
4558,4559,4559.png
4559,4560,4560.png
4560,4561,4561.png
4561,4562,4562.png
4562,4563,4563.png
4563,4564,4564.png
4564,4565,4565.png
4565,4566,4566.png
4566,4567,4567.png
4567,4568,4568.png
4568,4569,4569.png
4569,4570,4570.png
4570,4571,4571.png
4571,4572,4572.png
4572,4573,4573.png
4573,4574,4574.png
4574,4575,4575.png
4575,4576,4576.png
4576,4577,4577.png
4577,4578,4578.png
4578,4579,4579.png
4579,4580,4580.png
4580,4581,4581.png
4581,4582,4582.png
4582,4583,4583.png
4583,4584,4584.png
4584,4585,4585.png
4585,4586,4586.png
4586,4587,4587.png
4587,4588,4588.png
4588,4589,4589.png
4589,4590,4590.png
4590,4591,4591.png
4591,4592,4592.png
4592,4593,4593.png
4593,4594,4594.png
4594,4595,4595.png
4595,4596,4596.png
4596,4597,4597.png
4597,4598,4598.png
4598,4599,4599.png
4599,4600,4600.png
4600,4601,4601.png
4601,4602,4602.png
4602,4603,4603.png
4603,4604,4604.png
4604,4605,4605.png
4605,4606,4606.png
4606,4607,4607.png
4607,4608,4608.png
4608,4609,4609.png
4609,4610,4610.png
4610,4611,4611.png
4611,4612,4612.png
4612,4613,4613.png
4613,4614,4614.png
4614,4615,4615.png
4615,4616,4616.png
4616,4617,4617.png
4617,4618,4618.png
4618,4619,4619.png
4619,4620,4620.png
4620,4621,4621.png
4621,4622,4622.png
4622,4623,4623.png
4623,4624,4624.png
4624,4625,4625.png
4625,4626,4626.png
4626,4627,4627.png
4627,4628,4628.png
4628,4629,4629.png
4629,4630,4630.png
4630,4631,4631.png
4631,4632,4632.png
4632,4633,4633.png
4633,4634,4634.png
4634,4635,4635.png
4635,4636,4636.png
4636,4637,4637.png
4637,4638,4638.png
4638,4639,4639.png
4639,4640,4640.png
4640,4641,4641.png
4641,4642,4642.png
4642,4643,4643.png
4643,4644,4644.png
4644,4645,4645.png
4645,4646,4646.png
4646,4647,4647.png
4647,4648,4648.png
4648,4649,4649.png
4649,4650,4650.png
4650,4651,4651.png
4651,4652,4652.png
4652,4653,4653.png
4653,4654,4654.png
4654,4655,4655.png
4655,4656,4656.png
4656,4657,4657.png
4657,4658,4658.png
4658,4659,4659.png
4659,4660,4660.png
4660,4661,4661.png
4661,4662,4662.png
4662,4663,4663.png
4663,4664,4664.png
4664,4665,4665.png
4665,4666,4666.png
4666,4667,4667.png
4667,4668,4668.png
4668,4669,4669.png
4669,4670,4670.png
4670,4671,4671.png
4671,4672,4672.png
4672,4673,4673.png
4673,4674,4674.png
4674,4675,4675.png
4675,4676,4676.png
4676,4677,4677.png
4677,4678,4678.png
4678,4679,4679.png
4679,4680,4680.png
4680,4681,4681.png
4681,4682,4682.png
4682,4683,4683.png
4683,4684,4684.png
4684,4685,4685.png
4685,4686,4686.png
4686,4687,4687.png
4687,4688,4688.png
4688,4689,4689.png
4689,4690,4690.png
4690,4691,4691.png
4691,4692,4692.png
4692,4693,4693.png
4693,4694,4694.png
4694,4695,4695.png
4695,4696,4696.png
4696,4697,4697.png
4697,4698,4698.png
4698,4699,4699.png
4699,4700,4700.png
4700,4701,4701.png
4701,4702,4702.png
4702,4703,4703.png
4703,4704,4704.png
4704,4705,4705.png
4705,4706,4706.png
4706,4707,4707.png
4707,4708,4708.png
4708,4709,4709.png
4709,4710,4710.png
4710,4711,4711.png
4711,4712,4712.png
4712,4713,4713.png
4713,4714,4714.png
4714,4715,4715.png
4715,4716,4716.png
4716,4717,4717.png
4717,4718,4718.png
4718,4719,4719.png
4719,4720,4720.png
4720,4721,4721.png
4721,4722,4722.png
4722,4723,4723.png
4723,4724,4724.png
4724,4725,4725.png
4725,4726,4726.png
4726,4727,4727.png
4727,4728,4728.png
4728,4729,4729.png
4729,4730,4730.png
4730,4731,4731.png
4731,4732,4732.png
4732,4733,4733.png
4733,4734,4734.png
4734,4735,4735.png
4735,4736,4736.png
4736,4737,4737.png
4737,4738,4738.png
4738,4739,4739.png
4739,4740,4740.png
4740,4741,4741.png
4741,4742,4742.png
4742,4743,4743.png
4743,4744,4744.png
4744,4745,4745.png
4745,4746,4746.png
4746,4747,4747.png
4747,4748,4748.png
4748,4749,4749.png
4749,4750,4750.png
4750,4751,4751.png
4751,4752,4752.png
4752,4753,4753.png
4753,4754,4754.png
4754,4755,4755.png
4755,4756,4756.png
4756,4757,4757.png
4757,4758,4758.png
4758,4759,4759.png
4759,4760,4760.png
4760,4761,4761.png
4761,4762,4762.png
4762,4763,4763.png
4763,4764,4764.png
4764,4765,4765.png
4765,4766,4766.png
4766,4767,4767.png
4767,4768,4768.png
4768,4769,4769.png
4769,4770,4770.png
4770,4771,4771.png
4771,4772,4772.png
4772,4773,4773.png
4773,4774,4774.png
4774,4775,4775.png
4775,4776,4776.png
4776,4777,4777.png
4777,4778,4778.png
4778,4779,4779.png
4779,4780,4780.png
4780,4781,4781.png
4781,4782,4782.png
4782,4783,4783.png
4783,4784,4784.png
4784,4785,4785.png
4785,4786,4786.png
4786,4787,4787.png
4787,4788,4788.png
4788,4789,4789.png
4789,4790,4790.png
4790,4791,4791.png
4791,4792,4792.png
4792,4793,4793.png
4793,4794,4794.png
4794,4795,4795.png
4795,4796,4796.png
4796,4797,4797.png
4797,4798,4798.png
4798,4799,4799.png
4799,4800,4800.png
4800,4801,4801.png
4801,4802,4802.png
4802,4803,4803.png
4803,4804,4804.png
4804,4805,4805.png
4805,4806,4806.png
4806,4807,4807.png
4807,4808,4808.png
4808,4809,4809.png
4809,4810,4810.png
4810,4811,4811.png
4811,4812,4812.png
4812,4813,4813.png
4813,4814,4814.png
4814,4815,4815.png
4815,4816,4816.png
4816,4817,4817.png
4817,4818,4818.png
4818,4819,4819.png
4819,4820,4820.png
4820,4821,4821.png
4821,4822,4822.png
4822,4823,4823.png
4823,4824,4824.png
4824,4825,4825.png
4825,4826,4826.png
4826,4827,4827.png
4827,4828,4828.png
4828,4829,4829.png
4829,4830,4830.png
4830,4831,4831.png
4831,4832,4832.png
4832,4833,4833.png
4833,4834,4834.png
4834,4835,4835.png
4835,4836,4836.png
4836,4837,4837.png
4837,4838,4838.png
4838,4839,4839.png
4839,4840,4840.png
4840,4841,4841.png
4841,4842,4842.png
4842,4843,4843.png
4843,4844,4844.png
4844,4845,4845.png
4845,4846,4846.png
4846,4847,4847.png
4847,4848,4848.png
4848,4849,4849.png
4849,4850,4850.png
4850,4851,4851.png
4851,4852,4852.png
4852,4853,4853.png
4853,4854,4854.png
4854,4855,4855.png
4855,4856,4856.png
4856,4857,4857.png
4857,4858,4858.png
4858,4859,4859.png
4859,4860,4860.png
4860,4861,4861.png
4861,4862,4862.png
4862,4863,4863.png
4863,4864,4864.png
4864,4865,4865.png
4865,4866,4866.png
4866,4867,4867.png
4867,4868,4868.png
4868,4869,4869.png
4869,4870,4870.png
4870,4871,4871.png
4871,4872,4872.png
4872,4873,4873.png
4873,4874,4874.png
4874,4875,4875.png
4875,4876,4876.png
4876,4877,4877.png
4877,4878,4878.png
4878,4879,4879.png
4879,4880,4880.png
4880,4881,4881.png
4881,4882,4882.png
4882,4883,4883.png
4883,4884,4884.png
4884,4885,4885.png
4885,4886,4886.png
4886,4887,4887.png
4887,4888,4888.png
4888,4889,4889.png
4889,4890,4890.png
4890,4891,4891.png
4891,4892,4892.png
4892,4893,4893.png
4893,4894,4894.png
4894,4895,4895.png
4895,4896,4896.png
4896,4897,4897.png
4897,4898,4898.png
4898,4899,4899.png
4899,4900,4900.png
4900,4901,4901.png
4901,4902,4902.png
4902,4903,4903.png
4903,4904,4904.png
4904,4905,4905.png
4905,4906,4906.png
4906,4907,4907.png
4907,4908,4908.png
4908,4909,4909.png
4909,4910,4910.png
4910,4911,4911.png
4911,4912,4912.png
4912,4913,4913.png
4913,4914,4914.png
4914,4915,4915.png
4915,4916,4916.png
4916,4917,4917.png
4917,4918,4918.png
4918,4919,4919.png
4919,4920,4920.png
4920,4921,4921.png
4921,4922,4922.png
4922,4923,4923.png
4923,4924,4924.png
4924,4925,4925.png
4925,4926,4926.png
4926,4927,4927.png
4927,4928,4928.png
4928,4929,4929.png
4929,4930,4930.png
4930,4931,4931.png
4931,4932,4932.png
4932,4933,4933.png
4933,4934,4934.png
4934,4935,4935.png
4935,4936,4936.png
4936,4937,4937.png
4937,4938,4938.png
4938,4939,4939.png
4939,4940,4940.png
4940,4941,4941.png
4941,4942,4942.png
4942,4943,4943.png
4943,4944,4944.png
4944,4945,4945.png
4945,4946,4946.png
4946,4947,4947.png
4947,4948,4948.png
4948,4949,4949.png
4949,4950,4950.png
4950,4951,4951.png
4951,4952,4952.png
4952,4953,4953.png
4953,4954,4954.png
4954,4955,4955.png
4955,4956,4956.png
4956,4957,4957.png
4957,4958,4958.png
4958,4959,4959.png
4959,4960,4960.png
4960,4961,4961.png
4961,4962,4962.png
4962,4963,4963.png
4963,4964,4964.png
4964,4965,4965.png
4965,4966,4966.png
4966,4967,4967.png
4967,4968,4968.png
4968,4969,4969.png
4969,4970,4970.png
4970,4971,4971.png
4971,4972,4972.png
4972,4973,4973.png
4973,4974,4974.png
4974,4975,4975.png
4975,4976,4976.png
4976,4977,4977.png
4977,4978,4978.png
4978,4979,4979.png
4979,4980,4980.png
4980,4981,4981.png
4981,4982,4982.png
4982,4983,4983.png
4983,4984,4984.png
4984,4985,4985.png
4985,4986,4986.png
4986,4987,4987.png
4987,4988,4988.png
4988,4989,4989.png
4989,4990,4990.png
4990,4991,4991.png
4991,4992,4992.png
4992,4993,4993.png
4993,4994,4994.png
4994,4995,4995.png
4995,4996,4996.png
4996,4997,4997.png
4997,4998,4998.png
4998,4999,4999.png
4999,5000,5000.png
