file_name,hair_color,eyeglasses,smiling,young,human,cluster
1,1,-1,1,1,-1,1
2,4,-1,1,1,1,0
3,5,-1,1,-1,-1,1
4,-1,-1,-1,-1,-1,4
5,-1,-1,-1,-1,-1,4
6,-1,-1,-1,-1,-1,4
7,2,-1,1,1,-1,1
8,3,-1,1,1,-1,1
9,1,1,1,1,-1,1
10,5,-1,1,-1,-1,1
11,-1,-1,-1,-1,-1,4
12,1,-1,1,1,-1,1
13,3,-1,-1,1,1,0
14,4,-1,-1,1,1,0
15,-1,-1,-1,-1,-1,4
16,5,1,1,-1,-1,2
17,4,-1,1,1,-1,1
18,4,1,1,1,-1,2
19,4,-1,-1,1,1,0
20,1,-1,-1,1,1,0
21,-1,-1,-1,-1,-1,4
22,-1,-1,-1,1,1,0
23,-1,-1,1,1,1,0
24,5,1,1,-1,-1,2
25,1,-1,1,1,-1,2
26,2,-1,1,1,-1,1
27,-1,-1,-1,-1,-1,4
28,3,1,1,1,-1,1
29,5,1,1,-1,-1,1
30,1,-1,1,-1,1,0
31,3,-1,-1,1,1,0
32,5,1,1,-1,-1,2
33,-1,-1,-1,1,1,0
34,1,1,1,1,-1,0
35,1,1,1,1,-1,2
36,2,1,1,1,-1,1
37,1,-1,1,1,-1,2
38,-1,-1,1,1,1,0
39,1,-1,1,1,1,0
40,1,-1,1,1,-1,1
41,3,-1,-1,1,1,0
42,-1,-1,1,1,1,0
43,4,-1,-1,1,1,3
44,1,1,1,1,-1,2
45,5,-1,1,-1,-1,2
46,4,1,1,1,-1,2
47,4,-1,1,1,1,3
48,4,-1,1,-1,1,3
49,4,-1,-1,1,1,3
50,4,-1,1,-1,1,0
51,3,-1,-1,1,1,0
52,4,1,1,-1,1,0
53,0,-1,1,1,1,3
54,4,-1,-1,1,1,3
55,1,1,1,1,-1,1
56,4,-1,1,1,1,3
57,3,-1,1,1,-1,1
58,-1,-1,-1,-1,-1,4
59,1,1,1,1,-1,0
60,-1,-1,-1,-1,1,3
61,1,1,1,1,-1,0
62,5,-1,1,-1,-1,2
63,-1,-1,1,1,1,3
64,2,1,1,1,-1,1
65,-1,-1,1,-1,1,3
66,1,1,1,1,-1,1
67,-1,-1,-1,-1,-1,4
68,4,1,1,1,-1,2
69,1,-1,1,1,-1,1
70,4,-1,-1,1,1,0
71,4,-1,1,1,-1,2
72,-1,-1,-1,-1,1,3
73,4,-1,1,1,-1,1
74,1,1,1,1,-1,0
75,1,1,1,1,-1,1
76,5,-1,1,-1,1,3
77,3,-1,1,1,-1,1
78,2,-1,1,1,-1,2
79,1,-1,1,1,-1,2
80,0,1,1,-1,1,3
81,-1,-1,-1,-1,1,3
82,2,-1,1,1,-1,1
83,2,-1,1,1,-1,1
84,1,1,1,1,-1,0
85,5,-1,1,-1,-1,1
86,3,-1,1,1,1,0
87,3,-1,1,1,1,0
88,4,-1,1,1,1,0
89,-1,-1,1,1,1,3
90,-1,-1,1,1,1,3
91,4,-1,-1,1,1,3
92,1,1,1,1,-1,2
93,4,-1,-1,1,1,3
94,3,-1,1,1,-1,1
95,5,-1,1,-1,-1,1
96,1,-1,1,1,-1,1
97,2,1,1,1,-1,1
98,4,-1,1,1,1,3
99,-1,-1,-1,1,1,3
100,4,-1,1,1,1,3
101,-1,-1,1,1,1,3
102,-1,-1,-1,1,1,3
103,2,-1,1,1,-1,1
104,4,-1,1,1,1,3
105,2,1,1,1,-1,1
106,1,-1,1,1,1,0
107,2,1,1,1,-1,1
108,5,1,1,-1,-1,2
109,2,-1,1,1,-1,1
110,4,-1,1,1,1,0
111,4,-1,1,1,-1,1
112,5,-1,1,-1,-1,1
113,5,1,1,-1,-1,1
114,1,-1,1,1,-1,1
115,4,-1,-1,1,1,3
116,3,-1,1,1,1,3
117,3,1,1,1,-1,1
118,1,1,1,1,-1,0
119,-1,-1,1,1,1,0
120,3,1,1,1,-1,2
121,1,1,1,1,-1,1
122,3,-1,1,1,-1,2
123,2,-1,1,1,-1,1
124,3,1,1,1,-1,2
125,-1,-1,-1,-1,-1,4
126,5,1,1,-1,-1,1
127,2,1,1,1,-1,2
128,1,-1,-1,1,1,0
129,-1,-1,-1,-1,-1,4
130,4,-1,1,1,-1,1
131,1,-1,1,1,-1,1
132,-1,-1,1,1,1,3
133,3,-1,1,1,-1,1
134,1,-1,1,1,1,3
135,1,1,1,1,-1,2
136,0,-1,1,1,1,3
137,1,-1,1,1,-1,1
138,-1,-1,-1,1,1,3
139,-1,1,-1,1,1,0
140,4,-1,1,1,-1,1
141,5,1,1,-1,-1,2
142,3,1,1,1,-1,1
143,5,-1,1,-1,-1,1
144,3,-1,1,1,1,0
145,2,1,1,1,-1,2
146,3,-1,1,1,-1,1
147,5,-1,-1,-1,1,0
148,2,1,1,1,-1,2
149,4,-1,1,1,-1,1
150,4,1,1,1,-1,1
151,-1,-1,-1,-1,-1,4
152,4,1,1,1,-1,2
153,4,-1,1,1,1,3
154,3,-1,1,1,-1,1
155,5,-1,1,-1,-1,1
156,1,-1,1,1,-1,1
157,-1,-1,-1,-1,1,3
158,4,1,1,1,-1,2
159,1,-1,1,1,-1,1
160,4,-1,1,1,1,3
161,3,1,1,1,-1,2
162,3,1,1,1,-1,2
163,3,-1,1,1,-1,1
164,4,1,1,1,-1,1
165,5,1,1,-1,-1,2
166,1,1,1,1,-1,2
167,-1,-1,-1,-1,-1,4
168,4,-1,1,1,-1,1
169,3,-1,1,1,-1,2
170,3,-1,-1,1,1,0
171,-1,-1,-1,1,1,0
172,2,-1,1,1,-1,1
173,3,1,-1,-1,1,0
174,4,-1,-1,1,1,0
175,-1,-1,-1,-1,-1,4
176,1,-1,1,1,-1,2
177,1,-1,1,-1,1,3
178,4,-1,-1,1,1,3
179,-1,-1,-1,1,1,3
180,5,1,1,-1,-1,2
181,4,-1,-1,1,1,3
182,5,-1,1,-1,-1,1
183,1,-1,1,1,-1,2
184,4,1,1,1,-1,1
185,-1,-1,1,-1,1,3
186,4,-1,1,1,1,3
187,4,1,1,1,-1,2
188,5,-1,1,-1,-1,1
189,-1,-1,-1,-1,1,3
190,-1,1,1,1,1,3
191,-1,-1,-1,1,1,3
192,3,-1,1,1,1,0
193,-1,-1,-1,-1,-1,4
194,5,-1,1,-1,-1,1
195,2,1,1,1,-1,2
196,1,-1,1,1,-1,1
197,4,-1,1,1,1,3
198,2,1,1,1,-1,2
199,3,-1,1,1,1,0
200,2,-1,1,1,-1,1
201,4,-1,1,1,1,0
202,-1,-1,-1,1,1,3
203,-1,-1,-1,-1,-1,4
204,4,1,1,1,-1,2
205,1,-1,1,1,-1,2
206,-1,-1,1,1,1,0
207,-1,-1,-1,-1,-1,4
208,4,-1,-1,1,1,3
209,-1,-1,1,1,1,0
210,4,-1,1,1,1,0
211,1,-1,1,1,-1,2
212,1,-1,1,1,-1,1
213,1,1,1,1,-1,2
214,5,-1,1,-1,-1,1
215,2,1,1,1,-1,0
216,1,-1,1,1,1,0
217,3,1,1,1,-1,1
218,-1,-1,-1,-1,1,3
219,3,1,1,1,-1,2
220,-1,-1,-1,-1,-1,4
221,5,1,1,-1,-1,2
222,-1,-1,-1,-1,-1,4
223,-1,-1,-1,1,1,3
224,-1,-1,-1,1,1,3
225,0,-1,-1,1,1,3
226,-1,-1,1,1,1,3
227,-1,-1,-1,-1,-1,4
228,1,-1,1,1,-1,2
229,3,-1,1,1,1,0
230,1,-1,1,1,-1,2
231,5,-1,1,-1,-1,1
232,3,1,1,1,-1,1
233,4,-1,1,1,1,3
234,1,1,1,1,-1,2
235,1,1,1,1,-1,1
236,4,-1,1,1,1,3
237,1,1,1,1,-1,2
238,3,1,1,1,-1,1
239,4,-1,1,1,-1,2
240,0,-1,1,-1,-1,2
241,3,-1,1,1,-1,1
242,1,1,1,1,-1,2
243,4,-1,-1,1,1,3
244,1,1,-1,1,1,0
245,4,-1,1,1,1,3
246,-1,-1,-1,-1,1,3
247,1,-1,1,1,-1,1
248,-1,-1,-1,-1,-1,4
249,2,-1,1,1,-1,1
250,4,-1,-1,1,1,3
251,-1,-1,-1,-1,-1,4
252,3,-1,-1,1,1,0
253,-1,-1,-1,-1,-1,4
254,4,-1,1,-1,1,3
255,4,1,1,1,-1,2
256,1,-1,1,1,1,0
257,1,-1,1,1,-1,2
258,-1,-1,-1,1,1,3
259,3,-1,-1,1,1,0
260,4,1,1,1,-1,1
261,1,-1,1,1,-1,2
262,3,-1,1,1,1,3
263,1,-1,1,1,-1,1
264,1,-1,-1,1,1,0
265,3,-1,1,1,-1,2
266,-1,-1,-1,-1,-1,4
267,-1,-1,1,1,1,0
268,4,1,1,1,-1,1
269,1,-1,-1,1,1,0
270,2,-1,1,1,-1,1
271,1,-1,1,1,-1,2
272,4,-1,1,1,1,3
273,1,1,1,1,-1,1
274,1,-1,1,1,1,3
275,3,-1,1,1,-1,2
276,5,-1,1,-1,-1,1
277,-1,-1,1,-1,1,3
278,4,-1,1,1,-1,1
279,1,-1,-1,1,1,0
280,0,-1,1,-1,1,3
281,3,-1,-1,1,1,3
282,-1,-1,-1,1,1,0
283,2,-1,1,1,-1,1
284,3,-1,-1,1,1,3
285,-1,-1,-1,1,1,3
286,5,1,1,-1,-1,2
287,4,-1,1,1,1,3
288,-1,-1,-1,-1,1,3
289,-1,-1,-1,-1,-1,4
290,2,-1,1,1,-1,1
291,0,-1,-1,-1,1,3
292,4,-1,-1,1,1,0
293,5,-1,1,-1,1,3
294,4,-1,1,1,1,3
295,4,-1,1,1,-1,2
296,1,-1,1,1,1,0
297,4,-1,1,1,-1,1
298,3,-1,-1,1,1,0
299,2,1,1,1,-1,1
300,1,-1,1,1,-1,2
301,-1,-1,-1,-1,-1,4
302,5,1,1,-1,-1,1
303,2,-1,1,1,-1,1
304,4,-1,-1,1,1,3
305,-1,-1,-1,-1,-1,4
306,4,-1,1,1,-1,2
307,4,-1,-1,1,1,0
308,3,-1,1,-1,1,0
309,1,-1,1,1,-1,1
310,5,-1,1,-1,-1,1
311,4,-1,-1,1,1,3
312,1,1,1,1,-1,1
313,5,-1,-1,1,1,3
314,1,-1,1,1,-1,1
315,2,1,1,1,-1,2
316,-1,-1,-1,-1,-1,4
317,2,-1,1,1,-1,1
318,3,-1,1,1,-1,1
319,-1,-1,1,1,1,3
320,2,-1,1,1,-1,2
321,3,-1,1,1,-1,1
322,2,-1,1,1,-1,2
323,4,-1,-1,1,1,3
324,-1,-1,-1,-1,-1,4
325,1,-1,1,1,1,0
326,-1,-1,-1,-1,-1,4
327,2,1,1,1,-1,2
328,4,-1,1,-1,1,3
329,5,-1,1,-1,-1,2
330,4,-1,1,-1,1,0
331,4,-1,1,1,1,0
332,-1,-1,-1,-1,1,3
333,-1,-1,1,1,1,3
334,5,-1,1,-1,-1,1
335,5,-1,1,-1,-1,1
336,3,-1,1,-1,1,0
337,1,-1,1,1,-1,1
338,-1,-1,-1,1,1,3
339,3,1,1,1,-1,2
340,2,1,1,1,-1,1
341,-1,-1,-1,-1,-1,4
342,-1,-1,1,1,1,0
343,3,1,1,1,-1,2
344,1,1,1,1,-1,2
345,1,-1,-1,1,1,0
346,4,-1,1,-1,1,0
347,3,1,1,1,-1,1
348,3,-1,-1,1,1,3
349,5,1,1,-1,-1,2
350,4,1,1,1,1,0
351,3,-1,1,1,-1,1
352,4,1,1,1,-1,2
353,3,-1,1,1,-1,1
354,1,-1,1,1,-1,1
355,-1,-1,1,1,1,0
356,1,-1,1,1,-1,1
357,4,-1,1,1,1,3
358,-1,-1,-1,-1,-1,4
359,-1,-1,-1,-1,-1,4
360,4,-1,-1,1,1,3
361,3,-1,1,1,-1,1
362,3,-1,1,1,-1,1
363,3,-1,1,1,1,0
364,-1,-1,-1,-1,-1,4
365,1,-1,1,1,1,0
366,0,-1,-1,1,1,3
367,4,-1,-1,1,1,3
368,-1,-1,-1,-1,-1,4
369,4,-1,1,1,-1,1
370,4,-1,-1,1,1,3
371,1,1,1,1,-1,1
372,-1,-1,1,-1,1,3
373,3,-1,-1,1,1,3
374,3,1,1,1,-1,2
375,5,-1,1,-1,-1,1
376,-1,-1,1,1,1,0
377,4,-1,-1,1,1,3
378,3,-1,1,1,1,0
379,4,-1,1,1,-1,1
380,3,-1,1,1,1,3
381,4,-1,1,1,-1,1
382,-1,-1,-1,-1,1,0
383,1,-1,1,1,1,0
384,5,-1,1,-1,-1,1
385,5,1,1,-1,-1,1
386,-1,-1,-1,-1,-1,4
387,-1,-1,-1,-1,-1,4
388,1,1,1,1,-1,2
389,4,-1,1,1,1,0
390,3,-1,-1,1,1,0
391,2,1,1,1,-1,2
392,4,-1,-1,1,1,3
393,-1,-1,-1,-1,-1,4
394,1,-1,-1,1,1,0
395,5,1,1,-1,-1,1
396,3,-1,1,1,1,0
397,4,-1,-1,1,1,3
398,5,1,1,-1,-1,1
399,4,1,1,1,-1,2
400,3,-1,1,1,1,3
401,1,-1,1,-1,1,0
402,3,1,1,1,-1,2
403,1,1,1,1,-1,2
404,3,-1,1,-1,1,0
405,3,1,1,1,-1,2
406,1,-1,1,1,-1,2
407,1,-1,1,1,-1,2
408,3,-1,1,1,-1,1
409,3,-1,1,1,-1,1
410,-1,-1,-1,1,1,3
411,5,-1,1,-1,1,3
412,-1,-1,1,1,1,3
413,3,-1,1,1,-1,2
414,2,-1,1,1,-1,2
415,-1,-1,-1,-1,-1,4
416,5,1,1,-1,-1,2
417,3,-1,1,1,1,0
418,1,1,1,1,-1,2
419,5,-1,1,-1,-1,2
420,-1,-1,-1,1,1,3
421,2,-1,1,1,-1,1
422,3,1,1,1,-1,1
423,3,-1,-1,1,1,3
424,3,-1,1,1,1,3
425,4,1,1,1,-1,2
426,-1,-1,1,-1,1,3
427,-1,-1,-1,-1,-1,4
428,3,-1,1,1,-1,2
429,1,-1,1,1,-1,1
430,3,-1,1,-1,1,0
431,4,-1,1,1,1,0
432,-1,-1,-1,-1,-1,4
433,1,-1,1,1,-1,1
434,2,1,1,1,-1,1
435,2,1,1,1,-1,2
436,-1,-1,-1,1,1,3
437,3,-1,-1,-1,1,3
438,2,1,1,1,-1,1
439,1,-1,-1,1,1,0
440,-1,-1,-1,-1,-1,4
441,-1,-1,-1,1,1,0
442,-1,-1,1,1,1,0
443,2,1,1,1,-1,1
444,4,-1,1,1,-1,1
445,3,-1,-1,1,1,0
446,2,-1,1,1,-1,1
447,3,-1,1,1,-1,1
448,3,-1,1,1,1,0
449,-1,-1,-1,-1,-1,4
450,-1,-1,1,1,1,3
451,4,1,1,1,-1,2
452,-1,-1,-1,-1,-1,4
453,-1,-1,1,1,1,3
454,2,1,1,1,-1,2
455,1,-1,1,1,1,0
456,3,1,1,1,1,3
457,3,-1,-1,1,1,0
458,2,-1,1,1,-1,1
459,5,-1,1,-1,-1,1
460,4,-1,-1,1,1,0
461,3,-1,1,1,1,0
462,3,1,1,1,-1,1
463,3,-1,1,1,1,0
464,4,-1,1,1,1,3
465,4,-1,1,1,1,3
466,-1,-1,-1,-1,-1,4
467,3,-1,-1,1,1,3
468,4,1,1,1,-1,2
469,4,-1,-1,1,1,0
470,5,1,1,-1,-1,0
471,-1,-1,-1,-1,-1,4
472,5,-1,1,-1,-1,1
473,3,-1,1,1,-1,2
474,-1,-1,-1,1,1,3
475,5,-1,1,-1,-1,1
476,5,-1,1,-1,-1,1
477,1,-1,1,1,-1,1
478,3,-1,1,1,-1,1
479,3,-1,1,1,-1,2
480,1,-1,1,1,1,0
481,3,-1,1,1,-1,1
482,3,1,1,1,-1,2
483,2,-1,1,1,-1,1
484,-1,-1,-1,1,1,3
485,-1,-1,1,1,1,3
486,4,-1,-1,1,1,0
487,2,1,1,1,-1,1
488,1,1,1,1,-1,1
489,5,1,1,-1,-1,2
490,2,1,1,1,-1,2
491,3,1,1,1,-1,1
492,5,1,1,-1,-1,2
493,1,-1,1,1,1,0
494,1,1,1,1,-1,2
495,3,-1,-1,1,1,0
496,3,1,1,1,-1,2
497,3,-1,-1,1,1,3
498,-1,-1,-1,1,1,0
499,4,-1,-1,1,1,0
500,1,-1,1,1,1,0
501,1,-1,-1,1,1,0
502,3,-1,1,1,-1,1
503,-1,-1,-1,-1,-1,4
504,3,-1,1,1,-1,2
505,1,1,1,1,-1,2
506,0,-1,1,-1,-1,2
507,3,-1,1,1,1,0
508,4,-1,1,1,-1,2
509,1,1,1,1,-1,2
510,1,-1,1,1,1,0
511,-1,-1,-1,-1,-1,4
512,-1,-1,-1,-1,-1,4
513,-1,-1,-1,-1,1,3
514,3,1,1,1,-1,2
515,-1,-1,1,-1,1,0
516,3,-1,-1,1,1,0
517,-1,-1,-1,-1,-1,4
518,3,-1,1,-1,1,0
519,-1,-1,1,1,1,3
520,5,1,1,-1,-1,2
521,-1,-1,1,1,1,3
522,1,-1,1,1,1,0
523,4,-1,1,1,1,0
524,-1,-1,1,1,1,0
525,1,1,1,1,-1,1
526,1,1,1,1,-1,2
527,4,-1,-1,1,1,3
528,5,1,1,-1,-1,2
529,-1,-1,1,1,1,0
530,-1,-1,1,1,1,3
531,3,1,1,1,-1,2
532,1,-1,1,-1,1,0
533,3,-1,-1,-1,1,3
534,2,1,1,1,-1,0
535,1,-1,1,-1,1,0
536,1,1,1,1,-1,1
537,4,-1,1,1,-1,2
538,3,-1,-1,1,1,0
539,-1,-1,-1,-1,-1,4
540,1,1,1,1,-1,2
541,2,-1,1,1,-1,1
542,-1,-1,-1,-1,-1,4
543,3,-1,1,1,-1,1
544,4,-1,1,1,-1,1
545,2,1,1,1,-1,2
546,3,-1,-1,1,1,0
547,2,-1,1,1,-1,1
548,-1,-1,-1,-1,-1,4
549,4,-1,-1,1,1,0
550,1,-1,1,1,-1,1
551,2,1,1,1,-1,2
552,4,-1,1,-1,1,0
553,2,1,1,1,-1,1
554,5,1,1,-1,-1,2
555,1,-1,1,1,1,0
556,4,-1,-1,1,1,0
557,5,-1,1,-1,-1,2
558,-1,-1,1,1,1,3
559,4,-1,1,1,-1,2
560,-1,1,-1,-1,1,3
561,5,1,1,-1,-1,2
562,2,-1,1,1,-1,2
563,0,-1,1,-1,-1,2
564,4,-1,1,1,-1,1
565,3,1,1,1,-1,1
566,2,-1,1,1,-1,1
567,2,-1,1,1,-1,2
568,5,-1,1,-1,-1,1
569,3,-1,1,1,1,0
570,1,-1,1,1,-1,1
571,5,-1,1,-1,-1,2
572,1,1,1,1,-1,2
573,3,-1,1,1,1,0
574,-1,-1,-1,-1,-1,4
575,-1,-1,-1,-1,-1,4
576,4,1,1,1,-1,1
577,-1,-1,1,1,1,0
578,3,1,1,1,-1,2
579,4,1,1,1,-1,2
580,-1,-1,-1,1,1,3
581,-1,-1,1,1,1,0
582,-1,-1,1,1,1,3
583,3,-1,1,1,1,0
584,4,-1,1,1,1,3
585,5,1,1,-1,-1,2
586,3,-1,1,1,-1,1
587,-1,-1,-1,1,1,3
588,3,-1,1,1,-1,2
589,-1,-1,1,-1,1,3
590,5,-1,1,-1,-1,1
591,1,1,1,1,-1,1
592,-1,-1,1,1,1,0
593,1,-1,1,1,1,0
594,1,-1,1,1,-1,2
595,1,1,1,1,-1,1
596,-1,-1,-1,-1,-1,4
597,-1,-1,-1,1,1,0
598,3,-1,1,1,-1,2
599,-1,-1,-1,1,1,0
600,-1,-1,-1,-1,-1,4
601,3,-1,1,1,1,0
602,3,1,-1,1,1,0
603,-1,-1,-1,1,1,3
604,1,-1,1,1,-1,2
605,1,-1,1,1,-1,1
606,2,1,1,1,-1,1
607,5,1,1,-1,-1,2
608,1,-1,1,1,1,0
609,2,-1,1,1,-1,1
610,-1,-1,-1,-1,-1,4
611,4,-1,1,1,1,3
612,1,-1,1,1,1,3
613,3,-1,1,1,1,3
614,4,-1,1,1,1,3
615,-1,-1,-1,1,1,0
616,4,-1,-1,1,1,3
617,1,1,1,1,-1,2
618,3,-1,1,1,-1,1
619,1,1,1,1,-1,2
620,1,-1,1,1,1,0
621,3,-1,1,1,1,3
622,1,-1,-1,1,1,0
623,1,-1,1,1,-1,1
624,4,-1,1,1,1,0
625,-1,-1,-1,-1,-1,4
626,3,1,1,1,-1,1
627,1,-1,1,1,1,0
628,4,-1,1,1,1,3
629,-1,-1,1,1,1,0
630,-1,-1,1,1,1,3
631,4,-1,-1,1,1,0
632,2,-1,1,1,-1,1
633,2,1,1,1,-1,2
634,2,-1,1,1,-1,1
635,-1,-1,1,-1,1,0
636,1,-1,1,1,1,0
637,-1,-1,1,1,1,3
638,-1,-1,-1,-1,-1,4
639,-1,-1,-1,-1,-1,4
640,1,-1,1,1,-1,1
641,-1,-1,-1,-1,1,3
642,1,-1,1,1,1,0
643,4,-1,1,1,1,3
644,4,-1,1,1,1,0
645,4,1,-1,1,1,3
646,1,1,1,1,-1,2
647,1,-1,1,1,-1,1
648,2,1,1,1,-1,1
649,4,-1,-1,1,1,3
650,-1,-1,-1,-1,-1,4
651,4,-1,-1,1,1,0
652,3,-1,1,-1,1,3
653,-1,-1,1,-1,1,0
654,3,1,1,1,-1,1
655,5,-1,1,-1,-1,1
656,1,-1,1,1,1,3
657,5,-1,1,-1,-1,1
658,3,-1,-1,1,1,3
659,-1,-1,1,1,1,0
660,4,-1,1,1,1,3
661,3,1,1,1,-1,1
662,1,-1,1,1,-1,1
663,-1,-1,-1,-1,-1,4
664,4,-1,1,1,-1,1
665,-1,-1,1,-1,1,3
666,2,-1,1,1,-1,2
667,4,1,1,1,-1,2
668,4,-1,1,1,1,3
669,-1,-1,-1,-1,-1,4
670,2,-1,1,1,-1,2
671,5,-1,1,-1,-1,1
672,2,-1,1,1,-1,1
673,4,-1,-1,1,1,3
674,3,-1,1,1,-1,1
675,4,-1,1,1,1,0
676,4,-1,-1,1,1,0
677,1,1,1,1,-1,1
678,5,1,1,-1,-1,1
679,4,-1,1,1,-1,1
680,-1,-1,1,1,1,0
681,3,1,1,1,-1,2
682,5,-1,1,-1,-1,2
683,5,-1,1,-1,-1,1
684,3,-1,1,1,-1,1
685,3,-1,1,1,1,0
686,3,1,-1,1,1,3
687,1,-1,1,-1,1,0
688,5,1,1,-1,-1,2
689,4,-1,-1,1,1,3
690,4,-1,1,1,1,3
691,3,-1,1,1,-1,1
692,-1,-1,-1,-1,-1,4
693,1,-1,-1,1,1,0
694,2,-1,1,1,-1,1
695,-1,-1,-1,-1,-1,4
696,1,-1,1,1,1,0
697,2,1,1,1,-1,2
698,3,1,-1,1,1,3
699,4,-1,1,1,-1,1
700,1,1,1,1,-1,2
701,2,1,1,1,-1,2
702,1,1,1,1,-1,1
703,2,1,1,1,-1,2
704,3,-1,-1,1,1,3
705,-1,-1,-1,-1,1,3
706,4,-1,1,1,1,3
707,2,-1,1,1,-1,1
708,4,-1,1,1,1,0
709,-1,-1,1,1,1,3
710,-1,-1,-1,1,1,3
711,-1,-1,-1,-1,-1,4
712,5,1,1,-1,-1,2
713,1,-1,1,1,-1,1
714,-1,-1,-1,-1,-1,4
715,1,-1,1,1,-1,1
716,1,-1,1,-1,1,0
717,5,-1,1,-1,-1,1
718,-1,-1,-1,-1,-1,4
719,3,1,1,-1,1,3
720,1,-1,1,1,-1,1
721,1,-1,1,1,-1,1
722,1,1,1,1,-1,1
723,5,1,1,-1,-1,2
724,4,-1,1,1,1,3
725,1,-1,1,1,-1,1
726,3,-1,1,1,-1,1
727,0,-1,-1,-1,1,3
728,-1,-1,-1,-1,-1,4
729,3,-1,1,1,-1,2
730,1,1,1,1,-1,0
731,-1,-1,-1,-1,-1,4
732,-1,-1,-1,1,1,0
733,-1,-1,1,-1,1,3
734,3,-1,1,1,-1,1
735,-1,-1,1,1,1,3
736,-1,-1,-1,1,1,0
737,1,1,1,1,-1,2
738,5,1,1,-1,-1,2
739,3,-1,-1,1,1,0
740,2,-1,1,1,-1,1
741,-1,-1,-1,-1,-1,4
742,2,1,1,1,-1,1
743,4,-1,1,1,-1,2
744,3,1,1,1,-1,1
745,1,1,1,1,-1,2
746,1,1,1,1,-1,2
747,3,-1,1,1,-1,2
748,-1,-1,-1,-1,-1,4
749,1,-1,1,1,1,0
750,4,-1,-1,1,1,3
751,3,-1,1,1,1,3
752,1,1,1,1,-1,2
753,3,-1,1,1,1,3
754,-1,-1,-1,-1,-1,4
755,2,-1,1,1,-1,1
756,4,-1,-1,1,1,3
757,3,-1,1,1,-1,1
758,5,1,-1,-1,1,0
759,3,-1,-1,1,1,0
760,5,1,1,-1,-1,1
761,5,1,1,-1,-1,2
762,-1,-1,-1,-1,-1,4
763,0,-1,-1,-1,1,3
764,2,1,1,1,-1,2
765,3,-1,1,1,-1,1
766,4,-1,1,1,-1,2
767,3,-1,1,1,1,3
768,1,-1,1,1,-1,1
769,4,-1,1,1,-1,1
770,5,1,1,-1,-1,2
771,1,1,1,1,-1,2
772,3,-1,1,1,1,3
773,3,-1,1,1,1,3
774,5,-1,1,-1,-1,1
775,-1,-1,1,1,1,0
776,5,-1,-1,-1,1,3
777,1,-1,1,1,-1,1
778,-1,-1,-1,-1,-1,4
779,-1,-1,-1,-1,-1,4
780,2,-1,1,1,-1,2
781,2,1,1,1,-1,2
782,3,1,1,1,-1,1
783,-1,-1,-1,1,1,0
784,1,-1,1,1,1,0
785,5,-1,1,-1,-1,1
786,2,1,1,1,-1,1
787,-1,-1,-1,1,1,3
788,1,-1,1,-1,1,0
789,1,-1,-1,1,1,0
790,4,-1,-1,1,1,3
791,1,-1,1,1,1,0
792,2,-1,1,1,-1,2
793,4,1,1,1,-1,1
794,1,1,1,1,-1,1
795,3,-1,-1,1,1,0
796,-1,-1,1,1,1,0
797,4,-1,1,1,-1,1
798,3,1,1,1,-1,2
799,2,-1,1,1,-1,1
800,4,-1,-1,1,1,3
801,4,-1,1,1,1,3
802,3,1,1,1,-1,2
803,-1,-1,1,1,1,3
804,4,-1,1,1,-1,1
805,-1,-1,-1,-1,-1,4
806,-1,1,1,1,1,3
807,1,-1,1,1,1,0
808,0,-1,-1,-1,1,3
809,1,1,1,1,-1,2
810,1,-1,1,1,-1,1
811,5,-1,1,-1,-1,1
812,-1,-1,-1,1,1,0
813,-1,-1,-1,-1,-1,4
814,1,-1,-1,1,1,0
815,4,1,1,1,-1,2
816,4,-1,1,1,-1,1
817,-1,-1,1,1,1,3
818,5,-1,-1,-1,1,3
819,1,-1,1,1,-1,2
820,-1,-1,1,1,1,3
821,-1,-1,-1,-1,-1,4
822,0,1,-1,1,1,3
823,1,1,1,1,-1,1
824,-1,-1,-1,-1,-1,4
825,3,-1,1,1,-1,1
826,1,-1,1,1,-1,2
827,1,-1,1,1,-1,2
828,1,-1,1,1,-1,2
829,4,-1,-1,1,1,3
830,1,1,1,1,-1,0
831,1,-1,-1,1,1,0
832,1,1,1,1,-1,1
833,1,-1,1,1,-1,2
834,1,1,1,1,-1,1
835,-1,-1,-1,1,1,0
836,3,-1,1,1,1,0
837,1,-1,1,1,1,3
838,3,-1,1,1,1,3
839,-1,-1,-1,1,1,3
840,2,1,1,1,-1,1
841,4,-1,-1,1,1,0
842,-1,-1,-1,1,1,3
843,-1,-1,-1,-1,-1,4
844,1,-1,1,1,-1,1
845,2,-1,1,1,-1,1
846,4,-1,-1,1,1,3
847,1,1,1,1,-1,1
848,-1,-1,1,1,1,0
849,5,1,1,-1,-1,1
850,3,-1,1,1,1,3
851,5,-1,1,-1,-1,2
852,4,1,-1,1,1,3
853,5,-1,1,-1,-1,1
854,3,1,1,1,-1,2
855,3,-1,-1,1,1,3
856,4,-1,-1,1,1,3
857,-1,-1,1,1,1,0
858,1,1,1,1,-1,2
859,-1,-1,-1,1,1,0
860,1,1,1,1,-1,2
861,1,-1,1,1,1,0
862,-1,-1,-1,-1,-1,4
863,5,1,1,-1,-1,2
864,-1,-1,-1,1,1,3
865,-1,-1,-1,-1,-1,4
866,3,-1,1,1,1,0
867,-1,-1,1,-1,1,3
868,-1,-1,-1,-1,-1,4
869,4,-1,1,1,1,3
870,2,-1,1,1,-1,1
871,5,1,1,-1,-1,2
872,1,1,1,1,-1,1
873,1,1,1,1,-1,2
874,3,-1,1,1,-1,1
875,-1,-1,-1,-1,-1,4
876,-1,-1,-1,-1,-1,4
877,4,-1,1,1,1,3
878,4,-1,-1,1,1,0
879,-1,-1,-1,-1,-1,4
880,4,1,1,1,-1,2
881,4,-1,1,1,1,3
882,3,-1,1,1,-1,2
883,3,-1,1,1,-1,1
884,1,1,1,1,-1,1
885,1,-1,1,1,-1,2
886,1,1,1,1,-1,1
887,3,1,1,1,-1,2
888,1,-1,1,1,-1,1
889,-1,-1,1,-1,1,3
890,2,1,1,1,-1,2
891,1,-1,1,1,-1,1
892,3,-1,-1,1,1,0
893,-1,-1,-1,-1,-1,4
894,1,-1,-1,-1,1,0
895,5,1,1,-1,-1,2
896,1,-1,1,1,-1,2
897,-1,1,-1,1,1,0
898,1,1,1,1,-1,1
899,3,1,1,1,-1,1
900,5,-1,1,-1,-1,1
901,4,-1,1,1,1,0
902,1,1,1,1,-1,2
903,3,-1,1,1,-1,1
904,1,-1,1,1,-1,1
905,0,-1,1,-1,-1,2
906,4,-1,1,1,1,3
907,0,-1,-1,1,1,3
908,2,-1,1,1,-1,1
909,1,1,1,1,-1,2
910,2,1,1,1,-1,2
911,4,-1,1,1,-1,1
912,1,-1,-1,1,1,0
913,5,1,1,-1,-1,2
914,4,-1,1,1,-1,1
915,-1,-1,-1,-1,-1,4
916,2,-1,1,1,-1,0
917,3,-1,1,1,1,0
918,1,1,1,1,-1,1
919,3,-1,1,1,1,3
920,1,1,1,1,-1,2
921,2,-1,1,1,-1,1
922,3,1,1,1,-1,1
923,1,1,1,1,-1,1
924,4,-1,1,1,1,3
925,1,1,1,1,-1,1
926,-1,-1,1,1,1,3
927,3,-1,-1,1,1,0
928,2,-1,1,1,-1,2
929,-1,-1,-1,1,1,3
930,4,1,1,1,-1,1
931,-1,-1,-1,-1,-1,4
932,1,-1,-1,-1,1,0
933,5,-1,1,-1,-1,1
934,2,1,1,1,-1,2
935,0,1,1,-1,-1,2
936,4,-1,-1,1,1,3
937,4,1,1,-1,1,3
938,-1,-1,-1,1,1,3
939,-1,-1,-1,-1,-1,4
940,5,1,1,-1,-1,2
941,2,1,1,1,-1,1
942,3,-1,-1,1,1,3
943,5,-1,1,-1,-1,2
944,5,1,1,-1,-1,2
945,4,-1,-1,1,1,3
946,4,1,1,1,-1,2
947,5,-1,1,-1,-1,2
948,-1,-1,1,-1,1,3
949,5,1,1,-1,-1,2
950,0,-1,1,1,1,3
951,4,-1,-1,1,1,0
952,-1,-1,-1,-1,-1,4
953,3,1,1,1,-1,1
954,3,-1,1,1,-1,1
955,2,1,1,1,-1,2
956,2,1,1,1,-1,2
957,2,-1,1,1,-1,1
958,3,-1,1,1,-1,1
959,4,-1,-1,1,1,3
960,-1,-1,-1,1,1,0
961,1,-1,1,1,1,0
962,3,-1,1,1,-1,1
963,-1,-1,-1,-1,1,3
964,4,-1,1,1,1,3
965,1,1,1,1,-1,2
966,-1,-1,1,1,1,3
967,1,-1,1,1,1,0
968,-1,1,1,-1,1,3
969,2,-1,1,1,-1,2
970,4,-1,-1,1,1,3
971,3,1,1,1,-1,1
972,-1,-1,-1,1,1,0
973,1,-1,-1,1,1,0
974,3,-1,1,1,1,0
975,5,1,1,-1,-1,2
976,1,1,1,1,-1,1
977,-1,-1,-1,1,1,3
978,4,-1,-1,1,1,0
979,4,1,1,1,-1,1
980,4,-1,1,1,-1,1
981,2,-1,1,1,-1,1
982,-1,-1,-1,-1,-1,4
983,-1,-1,-1,-1,-1,4
984,4,-1,1,1,-1,2
985,-1,-1,-1,-1,-1,4
986,5,-1,1,-1,-1,1
987,1,-1,1,-1,1,0
988,5,1,1,-1,-1,1
989,-1,-1,-1,-1,-1,4
990,4,-1,1,1,-1,1
991,4,-1,1,1,1,0
992,-1,-1,1,-1,1,3
993,-1,-1,1,1,1,0
994,4,-1,1,1,-1,1
995,4,-1,1,1,-1,1
996,2,1,1,1,-1,0
997,3,1,1,1,-1,2
998,1,-1,1,1,-1,1
999,4,-1,1,1,1,0
1000,3,-1,1,1,-1,1
1001,3,-1,1,1,-1,1
1002,1,1,1,1,-1,1
1003,3,-1,1,1,-1,2
1004,1,1,1,1,-1,2
1005,1,-1,-1,1,1,0
1006,3,-1,1,1,1,3
1007,-1,-1,-1,1,1,3
1008,-1,-1,-1,1,1,3
1009,5,1,1,-1,-1,1
1010,5,-1,1,-1,-1,2
1011,3,-1,-1,1,1,0
1012,-1,-1,-1,1,1,3
1013,-1,1,-1,-1,1,3
1014,4,1,1,1,-1,2
1015,2,-1,1,1,-1,1
1016,2,-1,1,1,-1,1
1017,1,-1,1,1,-1,1
1018,-1,-1,1,1,1,3
1019,-1,-1,1,-1,1,0
1020,1,1,1,1,-1,1
1021,0,-1,-1,-1,1,3
1022,4,-1,1,1,1,0
1023,2,1,1,1,-1,2
1024,5,-1,1,-1,-1,2
1025,4,-1,1,-1,1,3
1026,1,-1,1,-1,1,3
1027,2,-1,1,1,-1,1
1028,2,1,1,1,-1,1
1029,1,-1,1,1,-1,1
1030,3,-1,1,1,-1,2
1031,-1,-1,-1,-1,-1,4
1032,3,1,1,1,-1,2
1033,5,-1,1,-1,-1,2
1034,3,1,1,1,-1,2
1035,3,-1,1,1,-1,2
1036,-1,-1,-1,-1,-1,4
1037,1,-1,1,1,-1,1
1038,3,-1,1,-1,1,3
1039,3,-1,1,1,1,0
1040,1,1,1,1,-1,1
1041,3,-1,1,1,-1,1
1042,1,-1,1,1,-1,1
1043,2,1,1,1,-1,2
1044,-1,-1,1,1,1,3
1045,4,-1,-1,1,1,3
1046,1,-1,1,1,-1,1
1047,2,1,1,1,-1,1
1048,3,-1,-1,1,1,0
1049,5,1,1,-1,-1,2
1050,4,-1,1,1,1,0
1051,5,1,1,-1,-1,2
1052,-1,-1,1,1,1,3
1053,2,-1,1,1,-1,1
1054,1,-1,1,1,-1,2
1055,3,1,1,1,-1,1
1056,-1,-1,-1,1,1,3
1057,2,-1,1,1,-1,2
1058,-1,-1,-1,1,1,3
1059,1,-1,1,1,-1,1
1060,4,1,1,1,-1,2
1061,5,1,1,-1,-1,1
1062,3,-1,1,1,-1,1
1063,1,-1,1,1,-1,2
1064,-1,-1,-1,-1,-1,4
1065,-1,-1,-1,-1,-1,4
1066,3,-1,1,1,-1,2
1067,-1,-1,1,-1,1,3
1068,4,-1,1,-1,1,3
1069,-1,-1,1,1,1,0
1070,3,1,1,1,-1,1
1071,3,-1,1,1,-1,1
1072,1,-1,1,1,-1,1
1073,1,-1,1,1,1,0
1074,1,1,1,1,-1,2
1075,1,-1,1,1,-1,2
1076,3,-1,-1,1,1,0
1077,5,1,-1,-1,1,3
1078,-1,-1,-1,1,1,3
1079,4,-1,-1,1,1,3
1080,-1,-1,-1,-1,-1,4
1081,2,1,1,1,-1,2
1082,2,-1,1,1,-1,1
1083,4,-1,1,1,1,3
1084,-1,-1,-1,1,1,3
1085,1,-1,1,1,-1,1
1086,4,-1,-1,1,1,3
1087,2,1,1,1,-1,1
1088,-1,-1,-1,1,1,0
1089,1,-1,1,-1,1,0
1090,5,1,1,-1,-1,1
1091,-1,-1,-1,1,1,3
1092,2,1,1,1,-1,2
1093,2,1,1,1,-1,1
1094,-1,-1,-1,-1,-1,4
1095,2,1,1,1,-1,1
1096,1,-1,1,1,1,0
1097,1,-1,1,1,-1,1
1098,4,1,-1,1,1,3
1099,4,-1,1,1,1,0
1100,-1,-1,-1,-1,-1,4
1101,-1,-1,-1,1,1,0
1102,3,1,1,1,-1,1
1103,-1,-1,1,1,1,3
1104,1,-1,1,1,-1,1
1105,-1,-1,-1,1,1,0
1106,4,1,1,1,-1,1
1107,4,1,1,1,-1,1
1108,2,-1,1,1,-1,2
1109,3,-1,1,-1,1,0
1110,3,-1,1,1,1,0
1111,4,-1,-1,-1,1,3
1112,1,1,1,1,-1,2
1113,1,-1,1,1,-1,1
1114,-1,-1,-1,-1,-1,4
1115,4,1,1,1,-1,2
1116,3,-1,-1,1,1,0
1117,5,-1,1,-1,-1,2
1118,5,-1,1,-1,-1,1
1119,4,1,1,1,-1,1
1120,1,1,1,1,-1,1
1121,5,-1,1,-1,-1,1
1122,3,-1,-1,1,1,3
1123,5,-1,1,-1,-1,2
1124,-1,-1,-1,-1,-1,4
1125,1,-1,1,1,-1,2
1126,5,1,1,-1,-1,2
1127,3,-1,1,1,1,3
1128,4,-1,1,1,1,0
1129,3,1,1,1,-1,2
1130,3,1,1,1,-1,1
1131,-1,-1,1,-1,1,3
1132,3,-1,-1,1,1,3
1133,-1,-1,-1,-1,-1,4
1134,3,-1,-1,1,1,0
1135,-1,-1,-1,-1,-1,4
1136,1,1,1,1,-1,2
1137,4,-1,1,1,1,0
1138,3,1,1,1,-1,1
1139,3,1,1,1,-1,1
1140,-1,-1,-1,-1,-1,4
1141,4,1,1,1,1,3
1142,4,-1,1,1,1,0
1143,2,1,1,1,-1,2
1144,1,1,1,1,-1,1
1145,-1,-1,-1,-1,1,3
1146,-1,-1,-1,1,1,3
1147,-1,-1,-1,-1,-1,4
1148,-1,-1,-1,-1,-1,4
1149,-1,-1,-1,-1,-1,4
1150,3,1,1,1,-1,2
1151,1,1,1,1,-1,2
1152,1,1,1,1,-1,2
1153,1,-1,1,1,-1,1
1154,1,1,1,1,-1,2
1155,1,-1,1,1,-1,1
1156,-1,-1,1,1,1,0
1157,-1,-1,-1,-1,1,3
1158,5,-1,1,-1,-1,1
1159,4,-1,1,1,-1,1
1160,3,-1,-1,1,1,0
1161,1,-1,1,1,-1,1
1162,1,-1,-1,1,1,3
1163,1,-1,1,-1,1,0
1164,-1,-1,-1,-1,-1,4
1165,1,1,1,1,-1,0
1166,1,-1,1,1,-1,2
1167,-1,-1,-1,-1,-1,4
1168,2,1,1,1,-1,1
1169,3,1,1,1,-1,2
1170,-1,-1,-1,1,1,3
1171,2,1,1,1,-1,2
1172,2,1,1,1,-1,2
1173,4,-1,1,1,1,0
1174,-1,-1,1,1,1,0
1175,-1,-1,1,1,1,0
1176,3,1,1,1,-1,1
1177,2,1,1,1,-1,2
1178,1,-1,1,-1,1,0
1179,5,-1,-1,-1,1,3
1180,4,1,1,1,-1,2
1181,1,1,1,1,-1,2
1182,1,-1,1,1,1,0
1183,-1,-1,-1,-1,-1,4
1184,2,-1,1,1,-1,2
1185,-1,-1,-1,1,1,0
1186,3,1,1,1,-1,2
1187,4,1,1,1,-1,2
1188,2,-1,1,1,-1,1
1189,3,-1,1,1,-1,1
1190,5,-1,1,-1,-1,2
1191,2,-1,1,1,-1,1
1192,1,1,1,1,-1,1
1193,4,1,1,1,-1,1
1194,4,-1,1,1,1,0
1195,5,1,1,-1,-1,2
1196,-1,-1,1,1,1,3
1197,1,1,1,1,-1,1
1198,3,-1,1,1,1,0
1199,4,-1,-1,1,1,0
1200,3,-1,1,1,1,0
1201,-1,-1,-1,-1,1,3
1202,4,-1,-1,1,1,0
1203,5,1,1,-1,-1,2
1204,3,-1,-1,1,1,0
1205,-1,-1,-1,-1,-1,4
1206,-1,-1,-1,-1,1,0
1207,2,-1,1,1,-1,1
1208,1,1,1,1,-1,2
1209,5,-1,1,-1,-1,1
1210,4,-1,1,-1,1,0
1211,0,1,-1,1,1,3
1212,1,-1,1,1,-1,1
1213,3,-1,-1,1,1,3
1214,2,-1,1,1,-1,1
1215,0,1,1,-1,-1,2
1216,4,-1,-1,1,1,3
1217,1,-1,1,-1,1,3
1218,4,-1,1,-1,1,3
1219,3,1,1,1,-1,2
1220,1,-1,-1,1,1,0
1221,4,1,1,1,-1,2
1222,-1,-1,-1,-1,-1,4
1223,1,-1,1,1,-1,1
1224,2,-1,1,1,-1,1
1225,1,-1,1,-1,1,3
1226,3,1,1,-1,1,3
1227,2,1,1,1,-1,0
1228,2,-1,1,1,-1,1
1229,-1,-1,-1,-1,-1,4
1230,4,-1,-1,1,1,3
1231,3,1,1,1,-1,2
1232,1,-1,1,1,-1,1
1233,1,1,1,1,-1,2
1234,2,1,1,1,-1,1
1235,-1,-1,-1,-1,-1,4
1236,-1,-1,1,1,1,3
1237,-1,-1,-1,-1,-1,4
1238,5,-1,-1,-1,1,0
1239,-1,-1,-1,-1,-1,4
1240,0,-1,-1,1,1,3
1241,2,1,1,1,-1,1
1242,3,-1,1,1,-1,1
1243,4,-1,-1,1,1,3
1244,4,-1,-1,1,1,0
1245,4,-1,-1,1,1,3
1246,-1,-1,1,-1,1,3
1247,-1,-1,1,1,1,0
1248,-1,-1,-1,-1,-1,4
1249,3,1,1,1,-1,2
1250,3,-1,1,1,1,0
1251,5,-1,1,-1,-1,1
1252,1,1,1,1,-1,2
1253,1,-1,1,-1,1,0
1254,3,1,-1,1,1,3
1255,2,-1,1,1,-1,2
1256,2,-1,1,1,-1,1
1257,5,-1,1,-1,-1,1
1258,-1,-1,-1,1,1,0
1259,-1,-1,1,1,1,3
1260,2,1,1,1,-1,1
1261,5,1,1,-1,-1,2
1262,3,-1,1,1,-1,2
1263,1,-1,-1,1,1,0
1264,5,-1,1,-1,-1,1
1265,3,-1,1,1,-1,2
1266,-1,1,-1,1,1,3
1267,5,-1,-1,-1,1,3
1268,3,1,1,1,-1,1
1269,3,-1,-1,1,1,0
1270,5,-1,1,-1,-1,1
1271,3,-1,1,1,-1,1
1272,4,-1,1,1,-1,1
1273,3,1,1,1,-1,2
1274,3,-1,1,1,-1,1
1275,-1,-1,1,1,1,3
1276,1,1,1,1,-1,2
1277,4,-1,1,1,1,0
1278,1,-1,1,1,-1,2
1279,4,-1,1,-1,1,3
1280,-1,-1,1,1,1,3
1281,3,-1,-1,-1,1,0
1282,3,-1,-1,1,1,0
1283,2,1,1,1,-1,2
1284,5,1,1,-1,-1,2
1285,-1,-1,-1,-1,-1,4
1286,4,-1,-1,1,1,3
1287,1,1,1,1,-1,1
1288,-1,-1,-1,1,1,0
1289,1,-1,1,1,1,3
1290,4,-1,1,1,-1,1
1291,4,1,1,1,-1,2
1292,2,1,1,1,-1,2
1293,3,-1,-1,-1,1,3
1294,1,-1,1,1,-1,1
1295,-1,-1,1,1,1,3
1296,-1,-1,1,1,1,3
1297,5,1,1,-1,1,3
1298,2,1,1,1,-1,2
1299,1,1,1,1,-1,2
1300,-1,-1,-1,-1,-1,4
1301,3,-1,1,1,1,0
1302,-1,-1,1,-1,1,3
1303,1,-1,1,1,-1,2
1304,3,1,1,1,-1,2
1305,1,-1,1,1,-1,2
1306,3,-1,-1,1,1,3
1307,5,-1,1,-1,-1,2
1308,3,1,1,1,-1,1
1309,4,1,1,1,-1,2
1310,5,1,1,-1,-1,2
1311,1,-1,1,1,1,0
1312,-1,-1,-1,-1,-1,4
1313,-1,-1,-1,1,1,0
1314,3,-1,-1,1,1,3
1315,1,-1,1,-1,1,3
1316,1,1,1,1,-1,0
1317,4,1,1,1,-1,2
1318,-1,-1,-1,-1,-1,4
1319,-1,-1,-1,-1,-1,4
1320,3,-1,1,1,1,3
1321,1,1,1,1,-1,1
1322,5,-1,1,-1,-1,2
1323,3,-1,1,1,1,3
1324,1,-1,1,1,-1,1
1325,-1,-1,1,1,1,3
1326,3,1,1,1,-1,1
1327,-1,-1,-1,1,1,3
1328,5,-1,1,-1,-1,1
1329,1,1,1,1,-1,0
1330,0,-1,1,-1,-1,2
1331,1,1,1,1,-1,2
1332,3,1,1,1,-1,2
1333,3,-1,1,1,-1,2
1334,5,1,1,-1,-1,2
1335,-1,-1,-1,-1,-1,4
1336,-1,-1,-1,-1,-1,4
1337,-1,-1,-1,-1,-1,4
1338,-1,-1,-1,-1,-1,4
1339,4,-1,1,1,1,0
1340,-1,-1,1,1,1,0
1341,1,1,1,1,-1,2
1342,3,-1,1,1,1,0
1343,-1,-1,-1,1,1,3
1344,4,-1,-1,1,1,3
1345,-1,-1,-1,-1,-1,4
1346,3,-1,1,1,1,0
1347,1,-1,1,1,1,0
1348,2,-1,1,1,-1,1
1349,1,-1,1,1,-1,1
1350,1,-1,1,1,-1,2
1351,4,-1,1,1,1,0
1352,2,-1,1,1,-1,1
1353,5,-1,1,-1,-1,1
1354,-1,-1,1,1,1,3
1355,3,-1,1,1,-1,1
1356,1,-1,1,1,-1,1
1357,4,-1,-1,1,1,3
1358,5,1,1,-1,-1,2
1359,4,-1,1,1,-1,1
1360,4,-1,-1,1,1,0
1361,4,-1,1,1,1,3
1362,4,1,1,1,-1,1
1363,1,-1,1,1,1,0
1364,5,-1,1,-1,-1,2
1365,1,-1,1,1,-1,2
1366,3,1,1,1,-1,2
1367,4,-1,1,1,1,3
1368,-1,-1,-1,1,1,0
1369,2,-1,1,1,-1,1
1370,-1,-1,-1,-1,-1,4
1371,4,-1,1,1,-1,1
1372,-1,-1,1,1,1,3
1373,1,-1,1,1,-1,1
1374,5,-1,1,-1,-1,1
1375,5,-1,1,-1,1,3
1376,3,1,1,1,-1,2
1377,2,1,1,1,-1,2
1378,2,1,1,1,-1,1
1379,-1,-1,1,-1,1,0
1380,1,1,1,1,-1,2
1381,-1,-1,-1,-1,-1,4
1382,1,-1,1,-1,1,0
1383,1,1,1,1,-1,1
1384,3,-1,-1,1,1,0
1385,2,-1,1,1,-1,2
1386,3,1,1,1,-1,1
1387,3,1,1,1,-1,1
1388,-1,-1,1,1,1,0
1389,5,-1,1,-1,-1,2
1390,4,-1,1,1,-1,2
1391,1,1,1,1,-1,0
1392,4,-1,-1,1,1,3
1393,-1,-1,-1,-1,-1,4
1394,1,1,1,1,-1,0
1395,3,-1,-1,1,1,0
1396,4,-1,1,1,1,0
1397,4,-1,-1,1,1,3
1398,5,-1,1,-1,-1,2
1399,5,-1,1,-1,-1,1
1400,-1,-1,-1,-1,-1,4
1401,4,-1,-1,1,1,3
1402,2,1,1,1,-1,2
1403,-1,-1,-1,-1,-1,4
1404,5,1,1,-1,-1,1
1405,3,1,1,1,-1,2
1406,1,1,1,1,-1,1
1407,-1,1,-1,-1,1,3
1408,4,-1,1,1,-1,1
1409,4,1,1,1,-1,2
1410,5,1,1,-1,-1,2
1411,2,1,1,1,-1,1
1412,1,1,1,1,-1,0
1413,2,-1,1,1,-1,1
1414,4,-1,-1,1,1,0
1415,2,-1,1,1,-1,1
1416,5,-1,1,-1,-1,2
1417,1,-1,1,1,-1,2
1418,3,1,1,1,-1,1
1419,4,-1,-1,1,1,3
1420,-1,-1,1,1,1,3
1421,-1,-1,-1,-1,-1,4
1422,5,1,1,-1,-1,2
1423,1,1,1,1,-1,2
1424,1,1,1,1,-1,2
1425,2,1,1,1,-1,2
1426,4,1,-1,1,1,0
1427,-1,-1,-1,1,1,3
1428,3,-1,1,1,-1,1
1429,3,1,1,1,-1,2
1430,3,1,1,1,-1,1
1431,4,-1,1,1,1,0
1432,3,1,1,1,-1,2
1433,-1,-1,1,1,1,3
1434,2,-1,1,1,-1,1
1435,1,1,1,1,-1,2
1436,3,-1,1,1,-1,1
1437,1,-1,-1,1,1,0
1438,3,-1,1,1,1,3
1439,1,-1,1,1,-1,1
1440,3,1,1,1,1,3
1441,1,1,1,1,-1,1
1442,3,1,1,1,-1,2
1443,3,-1,1,1,1,0
1444,5,-1,-1,-1,1,3
1445,4,-1,1,1,-1,2
1446,2,-1,1,1,-1,2
1447,4,1,1,1,-1,2
1448,3,-1,1,1,-1,2
1449,3,1,1,1,-1,1
1450,3,-1,1,1,1,0
1451,-1,-1,-1,-1,-1,4
1452,1,-1,1,1,-1,1
1453,1,-1,1,1,1,0
1454,1,1,1,1,-1,1
1455,2,-1,1,1,-1,1
1456,4,-1,1,1,1,3
1457,4,1,1,1,-1,2
1458,3,-1,1,1,-1,1
1459,4,-1,1,1,-1,2
1460,5,1,1,-1,-1,2
1461,1,-1,1,1,-1,2
1462,-1,-1,-1,1,1,3
1463,2,1,1,1,-1,2
1464,3,1,1,1,-1,2
1465,5,1,1,-1,-1,0
1466,1,1,1,1,-1,2
1467,2,-1,1,1,-1,1
1468,-1,-1,1,-1,1,3
1469,1,-1,1,1,-1,1
1470,2,1,1,1,-1,1
1471,3,-1,1,1,1,0
1472,4,-1,1,1,1,0
1473,1,1,1,1,-1,0
1474,1,1,1,1,-1,2
1475,1,-1,1,1,1,0
1476,4,1,1,1,-1,2
1477,5,1,1,-1,-1,1
1478,-1,-1,1,-1,1,0
1479,2,-1,1,1,-1,1
1480,2,1,1,1,-1,1
1481,-1,-1,-1,1,1,3
1482,-1,-1,-1,-1,1,3
1483,-1,-1,-1,-1,1,3
1484,1,1,1,1,-1,2
1485,3,-1,-1,1,1,0
1486,1,-1,1,1,-1,1
1487,3,-1,-1,1,1,0
1488,2,-1,1,1,-1,2
1489,4,1,-1,1,1,0
1490,4,-1,-1,1,1,3
1491,4,-1,-1,1,1,0
1492,4,-1,-1,1,1,0
1493,5,1,1,-1,-1,1
1494,1,-1,-1,-1,1,0
1495,3,-1,-1,1,1,0
1496,4,-1,1,1,1,0
1497,1,-1,-1,1,1,0
1498,-1,-1,-1,1,1,3
1499,1,1,1,1,-1,2
1500,-1,-1,-1,-1,1,0
1501,3,1,1,1,-1,2
1502,-1,-1,-1,1,1,3
1503,5,-1,1,-1,-1,1
1504,3,-1,1,1,-1,1
1505,2,-1,1,1,-1,1
1506,-1,-1,-1,-1,-1,4
1507,3,1,1,1,-1,2
1508,-1,-1,-1,-1,-1,4
1509,1,1,1,1,-1,2
1510,-1,-1,1,-1,1,3
1511,2,-1,1,1,-1,1
1512,2,1,1,1,-1,2
1513,1,-1,1,1,1,0
1514,-1,-1,-1,1,1,0
1515,5,1,1,-1,-1,2
1516,1,1,1,1,-1,2
1517,4,1,1,1,-1,2
1518,1,-1,1,1,1,0
1519,2,-1,1,1,-1,2
1520,3,-1,1,1,-1,1
1521,-1,-1,1,1,1,3
1522,5,1,1,-1,-1,2
1523,4,1,1,1,-1,2
1524,1,-1,1,1,-1,1
1525,4,-1,1,1,1,0
1526,3,-1,1,-1,1,3
1527,3,1,1,1,-1,1
1528,1,1,1,1,-1,1
1529,-1,-1,-1,-1,-1,4
1530,-1,-1,-1,-1,-1,4
1531,-1,-1,-1,1,1,0
1532,3,-1,1,1,-1,2
1533,-1,-1,-1,-1,-1,4
1534,5,-1,1,-1,-1,1
1535,4,-1,-1,1,1,0
1536,3,-1,-1,1,1,0
1537,4,1,-1,-1,1,3
1538,1,-1,1,1,1,0
1539,-1,-1,-1,-1,-1,4
1540,3,-1,-1,1,1,3
1541,4,-1,-1,-1,1,3
1542,-1,-1,1,1,1,3
1543,2,1,1,1,-1,1
1544,5,-1,1,-1,1,3
1545,-1,-1,-1,-1,-1,4
1546,-1,-1,-1,-1,-1,4
1547,4,-1,-1,1,1,3
1548,2,1,1,1,-1,1
1549,3,-1,1,1,1,3
1550,3,-1,1,1,-1,2
1551,1,-1,1,1,-1,1
1552,4,1,1,1,-1,2
1553,4,-1,1,1,1,0
1554,1,1,1,1,-1,2
1555,-1,-1,1,1,1,3
1556,3,-1,-1,1,1,0
1557,1,-1,1,1,1,0
1558,3,-1,-1,1,1,3
1559,4,1,1,1,1,0
1560,4,-1,-1,1,1,3
1561,3,-1,1,1,-1,1
1562,-1,-1,1,-1,1,3
1563,3,-1,1,1,-1,2
1564,1,-1,1,1,-1,2
1565,-1,-1,-1,1,1,0
1566,3,-1,-1,1,1,0
1567,5,1,1,-1,1,3
1568,-1,-1,-1,-1,-1,4
1569,-1,-1,1,-1,1,0
1570,-1,-1,-1,1,1,3
1571,-1,-1,1,1,1,0
1572,-1,-1,-1,-1,-1,4
1573,5,-1,1,-1,1,3
1574,2,-1,1,1,-1,1
1575,5,-1,1,-1,1,3
1576,4,-1,1,1,-1,1
1577,1,1,1,1,-1,2
1578,-1,-1,-1,1,1,0
1579,1,1,1,1,-1,1
1580,-1,-1,-1,-1,-1,4
1581,-1,-1,-1,1,1,0
1582,2,1,1,1,-1,2
1583,-1,-1,1,1,1,3
1584,1,-1,1,1,-1,1
1585,-1,-1,1,1,1,0
1586,3,-1,1,1,1,0
1587,-1,-1,1,-1,1,3
1588,4,-1,-1,1,1,3
1589,1,1,1,1,-1,2
1590,2,1,1,1,-1,2
1591,3,-1,1,1,1,3
1592,1,1,1,1,-1,2
1593,2,1,1,1,-1,1
1594,1,1,1,1,-1,1
1595,1,-1,-1,1,1,3
1596,-1,-1,-1,-1,1,3
1597,2,-1,1,1,-1,1
1598,3,1,1,1,-1,2
1599,5,1,1,-1,-1,1
1600,4,-1,1,-1,1,0
1601,1,-1,1,-1,1,0
1602,-1,-1,1,1,1,3
1603,-1,-1,-1,-1,-1,4
1604,4,-1,1,1,1,0
1605,0,-1,-1,1,1,3
1606,5,-1,1,-1,-1,2
1607,3,-1,1,1,-1,2
1608,4,-1,1,1,1,0
1609,5,-1,1,-1,-1,1
1610,0,-1,1,-1,-1,2
1611,2,1,1,1,-1,1
1612,3,-1,1,1,1,3
1613,-1,-1,-1,-1,-1,4
1614,1,1,1,1,-1,2
1615,2,1,1,1,-1,1
1616,5,-1,1,-1,-1,1
1617,5,1,1,-1,-1,1
1618,5,-1,1,-1,-1,1
1619,2,1,1,1,-1,1
1620,2,-1,1,1,-1,1
1621,-1,-1,1,1,1,3
1622,3,-1,-1,1,1,0
1623,4,-1,1,1,1,3
1624,3,-1,1,1,1,0
1625,-1,-1,1,1,1,3
1626,-1,-1,-1,-1,-1,4
1627,0,-1,1,1,1,3
1628,5,-1,-1,-1,1,3
1629,-1,-1,-1,-1,-1,4
1630,3,-1,1,1,-1,1
1631,-1,-1,1,1,1,0
1632,-1,-1,-1,1,1,3
1633,3,-1,1,1,-1,1
1634,3,-1,1,1,1,0
1635,2,1,1,1,-1,2
1636,1,-1,1,1,1,0
1637,1,-1,1,1,1,0
1638,1,1,1,1,-1,2
1639,4,-1,1,1,-1,1
1640,1,-1,-1,1,1,0
1641,4,-1,-1,1,1,0
1642,2,1,1,1,-1,0
1643,1,-1,1,1,-1,1
1644,3,-1,-1,-1,1,3
1645,-1,-1,-1,-1,-1,4
1646,5,1,1,-1,-1,2
1647,5,-1,-1,-1,1,3
1648,1,-1,1,1,-1,1
1649,-1,-1,-1,-1,-1,4
1650,1,-1,1,1,-1,1
1651,2,-1,1,1,-1,2
1652,1,-1,1,1,-1,2
1653,5,-1,-1,-1,1,3
1654,1,-1,-1,1,1,0
1655,-1,-1,-1,1,1,0
1656,4,-1,1,1,1,0
1657,4,1,1,1,-1,1
1658,4,-1,-1,-1,1,0
1659,5,1,1,-1,-1,2
1660,4,-1,-1,1,1,0
1661,1,1,1,1,-1,1
1662,1,-1,1,1,-1,1
1663,2,-1,1,1,-1,1
1664,5,-1,1,-1,1,3
1665,1,1,1,1,-1,1
1666,1,-1,1,1,-1,2
1667,3,-1,1,1,1,0
1668,1,-1,1,1,-1,1
1669,2,1,1,1,-1,1
1670,3,-1,1,1,-1,1
1671,-1,-1,-1,-1,-1,4
1672,3,1,1,1,-1,2
1673,1,1,1,1,-1,1
1674,5,-1,1,-1,-1,1
1675,1,-1,-1,1,1,0
1676,3,1,1,1,-1,2
1677,1,-1,1,1,1,0
1678,1,-1,1,1,-1,1
1679,4,-1,1,1,-1,2
1680,4,-1,1,1,1,0
1681,1,1,1,1,-1,1
1682,-1,-1,-1,-1,-1,4
1683,2,1,1,1,-1,1
1684,1,1,1,1,-1,2
1685,5,-1,1,-1,-1,1
1686,4,-1,1,-1,1,3
1687,3,-1,1,1,-1,2
1688,4,-1,1,1,-1,1
1689,4,1,1,1,-1,2
1690,3,-1,-1,1,1,3
1691,3,-1,1,1,-1,1
1692,5,-1,1,-1,-1,1
1693,3,-1,1,1,1,0
1694,1,-1,1,-1,1,0
1695,4,-1,1,1,1,3
1696,5,1,-1,-1,1,3
1697,3,1,1,1,-1,2
1698,3,-1,-1,1,1,0
1699,3,-1,1,1,-1,1
1700,4,1,1,1,-1,2
1701,-1,-1,1,1,1,0
1702,-1,-1,-1,-1,-1,4
1703,3,-1,1,1,-1,1
1704,3,-1,-1,1,1,0
1705,3,-1,-1,1,1,0
1706,-1,1,-1,1,1,3
1707,-1,-1,-1,1,1,0
1708,1,1,1,1,-1,1
1709,1,1,1,1,-1,2
1710,2,1,1,1,-1,2
1711,5,1,1,-1,-1,1
1712,4,-1,-1,1,1,3
1713,2,-1,1,1,-1,1
1714,4,-1,1,1,1,0
1715,1,-1,1,1,-1,2
1716,-1,-1,-1,-1,-1,4
1717,4,-1,1,1,1,0
1718,-1,-1,1,-1,1,3
1719,5,-1,-1,-1,1,3
1720,3,-1,1,1,1,0
1721,1,1,1,1,-1,2
1722,-1,-1,-1,1,1,3
1723,-1,-1,-1,-1,-1,4
1724,3,-1,1,-1,1,3
1725,4,-1,1,1,1,3
1726,2,-1,1,1,-1,1
1727,4,-1,1,1,1,3
1728,-1,-1,-1,1,1,0
1729,-1,-1,-1,-1,-1,4
1730,3,1,1,1,-1,1
1731,2,-1,1,1,-1,2
1732,1,-1,1,1,-1,2
1733,1,-1,1,1,-1,1
1734,1,-1,1,1,-1,1
1735,1,-1,1,-1,1,0
1736,-1,-1,1,1,1,0
1737,3,1,1,1,-1,2
1738,-1,-1,-1,-1,-1,4
1739,5,1,1,-1,-1,1
1740,3,1,1,1,-1,2
1741,-1,-1,-1,1,1,3
1742,3,-1,1,1,-1,1
1743,2,-1,1,1,-1,1
1744,-1,-1,1,1,1,3
1745,4,-1,-1,-1,1,3
1746,-1,-1,-1,1,1,3
1747,3,-1,1,1,1,3
1748,1,1,1,1,-1,1
1749,3,-1,1,1,-1,1
1750,3,-1,-1,1,1,0
1751,1,1,1,1,-1,1
1752,1,1,1,1,-1,1
1753,-1,1,-1,-1,1,3
1754,-1,-1,-1,1,1,0
1755,3,-1,-1,1,1,0
1756,3,1,1,1,-1,1
1757,3,-1,1,1,1,3
1758,-1,-1,-1,1,1,3
1759,4,1,1,1,-1,2
1760,1,1,1,1,-1,2
1761,1,1,1,1,-1,1
1762,3,-1,1,1,-1,1
1763,3,-1,1,1,1,0
1764,3,-1,1,1,-1,1
1765,4,-1,1,1,1,3
1766,2,-1,1,1,-1,2
1767,4,-1,-1,-1,1,3
1768,2,-1,1,1,-1,2
1769,4,-1,-1,1,1,3
1770,2,1,1,1,-1,1
1771,5,-1,1,-1,-1,1
1772,1,1,1,1,-1,2
1773,1,1,1,1,-1,2
1774,4,-1,1,1,1,0
1775,0,-1,1,1,1,3
1776,3,1,1,1,-1,1
1777,4,1,1,1,-1,2
1778,-1,-1,1,1,1,3
1779,2,1,1,1,-1,2
1780,3,-1,1,1,1,0
1781,-1,-1,1,1,1,0
1782,3,-1,-1,1,1,0
1783,-1,-1,-1,-1,-1,4
1784,1,-1,1,-1,1,3
1785,4,-1,1,-1,1,0
1786,2,-1,1,1,-1,1
1787,4,1,1,1,-1,2
1788,3,1,1,1,-1,2
1789,3,-1,1,1,1,0
1790,-1,1,1,-1,1,3
1791,-1,-1,1,1,1,0
1792,-1,-1,-1,-1,-1,4
1793,3,-1,1,1,1,3
1794,4,-1,1,1,-1,1
1795,3,-1,1,1,-1,2
1796,1,-1,1,1,-1,1
1797,-1,-1,-1,-1,1,3
1798,2,1,1,1,-1,1
1799,4,-1,1,1,1,3
1800,3,-1,-1,1,1,3
1801,-1,-1,1,1,1,0
1802,1,-1,-1,1,1,3
1803,-1,-1,1,1,1,0
1804,2,-1,1,1,-1,1
1805,4,-1,1,1,1,0
1806,5,-1,1,-1,-1,1
1807,1,-1,1,1,1,0
1808,5,1,1,-1,-1,2
1809,3,-1,1,-1,1,3
1810,-1,-1,-1,1,1,0
1811,-1,-1,-1,-1,-1,4
1812,-1,-1,-1,1,1,0
1813,1,1,1,1,-1,2
1814,4,-1,-1,1,1,0
1815,-1,-1,-1,-1,-1,4
1816,2,-1,1,1,-1,1
1817,1,-1,1,-1,1,3
1818,-1,-1,-1,1,1,3
1819,1,1,1,1,-1,1
1820,3,-1,1,1,1,0
1821,4,-1,1,1,-1,1
1822,3,-1,-1,1,1,0
1823,-1,-1,1,-1,1,0
1824,2,1,1,1,-1,1
1825,3,1,1,1,-1,1
1826,-1,-1,-1,1,1,3
1827,4,-1,1,1,-1,1
1828,-1,-1,-1,1,1,0
1829,2,-1,1,1,-1,1
1830,1,1,1,1,-1,1
1831,1,-1,1,1,-1,2
1832,5,-1,1,-1,1,3
1833,3,1,1,1,-1,1
1834,5,-1,1,-1,-1,1
1835,3,-1,-1,1,1,3
1836,2,-1,1,1,-1,1
1837,-1,-1,1,-1,1,0
1838,3,-1,1,1,-1,1
1839,-1,-1,-1,1,1,3
1840,3,-1,1,1,1,0
1841,3,-1,-1,1,1,0
1842,2,-1,1,1,-1,1
1843,2,1,1,1,-1,1
1844,2,1,1,1,-1,1
1845,3,1,1,1,-1,2
1846,0,-1,1,-1,1,3
1847,2,-1,1,1,-1,1
1848,1,-1,1,1,1,3
1849,1,-1,1,1,-1,2
1850,5,1,1,-1,-1,1
1851,3,-1,-1,1,1,0
1852,-1,-1,1,1,1,0
1853,-1,-1,1,-1,1,3
1854,4,1,1,1,-1,1
1855,-1,-1,-1,-1,1,3
1856,-1,-1,1,1,1,0
1857,4,-1,1,1,1,0
1858,3,1,1,1,-1,2
1859,4,-1,-1,1,1,0
1860,5,-1,-1,-1,1,3
1861,4,-1,1,-1,1,3
1862,3,-1,1,1,-1,1
1863,1,-1,1,1,-1,1
1864,5,1,1,-1,1,3
1865,5,-1,1,-1,-1,2
1866,3,1,1,1,-1,1
1867,3,-1,1,1,-1,1
1868,-1,-1,1,1,1,3
1869,2,1,1,1,-1,2
1870,4,-1,1,1,1,0
1871,3,1,1,1,-1,1
1872,1,-1,1,1,1,0
1873,-1,-1,-1,-1,-1,4
1874,2,1,1,1,-1,2
1875,5,-1,1,-1,-1,1
1876,5,-1,-1,-1,1,3
1877,1,-1,-1,1,1,0
1878,4,-1,1,1,-1,2
1879,1,1,1,1,-1,2
1880,4,-1,1,1,1,0
1881,2,1,1,1,-1,2
1882,3,1,1,1,-1,2
1883,3,1,1,1,-1,1
1884,3,1,1,1,-1,2
1885,4,1,1,1,-1,2
1886,2,-1,1,1,-1,1
1887,-1,-1,1,1,1,3
1888,5,-1,-1,-1,1,3
1889,-1,1,-1,-1,1,3
1890,1,-1,1,1,-1,1
1891,4,-1,1,1,-1,2
1892,2,-1,1,1,-1,1
1893,4,-1,1,1,1,3
1894,3,-1,-1,1,1,0
1895,2,-1,1,1,-1,2
1896,1,1,1,1,-1,1
1897,3,1,1,1,-1,2
1898,-1,-1,1,1,1,0
1899,1,-1,1,1,1,0
1900,3,1,1,1,-1,2
1901,4,-1,1,1,1,3
1902,3,-1,1,1,-1,2
1903,-1,-1,-1,-1,-1,4
1904,3,-1,1,1,-1,1
1905,1,-1,1,1,-1,1
1906,1,-1,1,1,-1,2
1907,5,1,1,-1,-1,2
1908,-1,-1,1,1,1,0
1909,-1,-1,-1,-1,-1,4
1910,-1,1,-1,1,1,3
1911,2,-1,1,1,-1,1
1912,1,-1,1,1,1,3
1913,-1,-1,-1,-1,-1,4
1914,4,-1,1,1,1,0
1915,0,1,-1,-1,1,3
1916,1,-1,-1,1,1,0
1917,1,1,1,1,-1,2
1918,3,-1,-1,1,1,0
1919,1,-1,1,1,-1,2
1920,2,-1,1,1,-1,2
1921,5,-1,1,-1,-1,2
1922,5,1,1,-1,-1,2
1923,2,-1,1,1,-1,2
1924,-1,-1,-1,1,1,3
1925,3,-1,1,1,-1,1
1926,2,1,1,1,-1,2
1927,-1,-1,1,1,1,0
1928,3,-1,-1,-1,1,3
1929,3,-1,1,1,-1,1
1930,2,-1,1,1,-1,1
1931,5,-1,1,-1,-1,1
1932,1,-1,1,1,-1,1
1933,-1,-1,-1,-1,-1,4
1934,-1,-1,1,1,1,3
1935,-1,-1,-1,-1,-1,4
1936,1,1,1,1,-1,2
1937,3,-1,1,1,-1,2
1938,2,-1,1,1,-1,1
1939,2,-1,1,1,-1,2
1940,5,-1,1,-1,-1,1
1941,5,-1,1,-1,-1,2
1942,2,-1,1,1,-1,2
1943,1,-1,-1,1,1,0
1944,1,-1,1,1,-1,2
1945,3,-1,1,1,-1,2
1946,5,-1,1,-1,-1,1
1947,4,-1,-1,1,1,0
1948,2,1,1,1,-1,2
1949,4,-1,-1,-1,1,3
1950,4,-1,1,1,-1,2
1951,1,-1,1,1,-1,2
1952,2,1,1,1,-1,1
1953,3,-1,1,1,1,0
1954,-1,-1,-1,-1,1,3
1955,-1,-1,-1,-1,-1,4
1956,-1,-1,1,1,1,0
1957,3,-1,1,1,-1,1
1958,1,-1,1,1,-1,2
1959,4,-1,1,1,1,0
1960,1,-1,1,1,-1,1
1961,3,-1,1,1,-1,1
1962,5,-1,1,-1,-1,1
1963,2,-1,1,1,-1,1
1964,3,-1,1,1,-1,1
1965,-1,-1,-1,-1,-1,4
1966,-1,-1,-1,-1,-1,4
1967,3,-1,1,1,1,0
1968,2,-1,1,1,-1,1
1969,4,-1,1,1,1,3
1970,4,1,-1,-1,1,3
1971,5,1,1,-1,-1,1
1972,1,-1,1,1,-1,1
1973,4,-1,1,1,1,3
1974,3,-1,1,1,1,0
1975,3,1,1,1,-1,2
1976,4,-1,-1,1,1,3
1977,5,1,1,-1,-1,2
1978,-1,-1,-1,-1,-1,4
1979,4,-1,-1,1,1,3
1980,1,1,1,1,-1,0
1981,1,1,1,1,-1,2
1982,1,1,1,1,-1,1
1983,2,-1,1,1,-1,1
1984,5,1,-1,-1,1,3
1985,-1,-1,1,1,1,0
1986,1,-1,-1,1,1,0
1987,4,-1,1,1,1,0
1988,-1,-1,1,-1,1,3
1989,-1,-1,-1,-1,-1,4
1990,5,-1,1,-1,-1,1
1991,3,-1,1,-1,1,0
1992,-1,-1,-1,-1,-1,4
1993,0,-1,-1,-1,1,3
1994,0,1,1,-1,-1,2
1995,4,-1,-1,1,1,3
1996,4,1,1,1,-1,1
1997,5,1,1,-1,-1,2
1998,3,1,1,1,-1,1
1999,-1,-1,-1,-1,1,3
2000,-1,-1,-1,-1,1,0
2001,1,1,1,1,-1,2
2002,1,-1,1,1,1,0
2003,2,1,1,1,-1,1
2004,1,-1,1,1,-1,2
2005,3,-1,1,1,-1,2
2006,4,-1,1,1,1,3
2007,3,1,1,1,-1,1
2008,1,-1,-1,1,1,0
2009,3,-1,1,1,-1,1
2010,2,1,1,1,-1,2
2011,-1,-1,-1,-1,-1,4
2012,4,-1,1,1,-1,2
2013,1,-1,1,1,-1,1
2014,1,-1,1,1,-1,1
2015,1,-1,1,1,1,0
2016,1,-1,1,1,1,0
2017,4,1,1,1,-1,2
2018,1,-1,1,1,-1,1
2019,4,1,1,1,-1,2
2020,3,-1,1,1,-1,2
2021,1,1,1,1,-1,2
2022,4,-1,-1,1,1,3
2023,2,-1,1,1,-1,1
2024,3,-1,1,1,-1,1
2025,5,-1,1,-1,1,3
2026,3,1,1,1,-1,1
2027,1,1,1,1,-1,1
2028,3,-1,1,1,1,3
2029,2,-1,1,1,-1,1
2030,2,1,1,1,-1,2
2031,4,1,1,1,-1,2
2032,5,-1,1,-1,-1,1
2033,-1,-1,1,1,1,0
2034,1,-1,-1,1,1,0
2035,1,-1,1,1,1,0
2036,5,1,1,-1,-1,2
2037,-1,-1,-1,-1,-1,4
2038,5,-1,1,-1,-1,2
2039,3,-1,1,1,1,0
2040,-1,-1,-1,-1,-1,4
2041,1,-1,1,-1,1,0
2042,2,1,1,1,-1,2
2043,1,-1,-1,1,1,3
2044,-1,-1,-1,-1,1,3
2045,1,-1,1,1,-1,2
2046,4,-1,1,1,1,3
2047,1,-1,1,1,-1,1
2048,2,-1,1,1,-1,2
2049,-1,1,-1,1,1,3
2050,1,1,1,1,-1,1
2051,3,-1,1,1,1,3
2052,3,-1,-1,-1,1,3
2053,-1,-1,-1,-1,-1,4
2054,-1,-1,1,-1,1,3
2055,3,-1,1,-1,1,0
2056,-1,-1,-1,-1,-1,4
2057,2,-1,1,1,-1,1
2058,-1,-1,-1,-1,-1,4
2059,5,1,1,-1,-1,0
2060,1,1,1,1,-1,2
2061,2,-1,1,1,-1,2
2062,1,-1,1,1,1,0
2063,3,-1,-1,1,1,0
2064,-1,-1,1,-1,1,3
2065,-1,-1,-1,-1,-1,4
2066,3,-1,-1,1,1,0
2067,3,-1,-1,1,1,3
2068,4,-1,1,1,-1,1
2069,1,-1,1,1,-1,1
2070,5,-1,1,-1,-1,1
2071,3,1,1,1,-1,1
2072,4,-1,1,1,1,0
2073,-1,-1,-1,-1,-1,4
2074,4,-1,1,1,1,3
2075,1,1,1,1,-1,1
2076,-1,-1,-1,-1,-1,4
2077,-1,-1,1,1,1,0
2078,4,-1,1,1,1,3
2079,1,-1,1,1,-1,1
2080,4,1,1,1,-1,2
2081,4,1,1,1,-1,2
2082,1,-1,1,1,-1,1
2083,4,-1,1,1,1,0
2084,4,-1,1,1,-1,2
2085,3,1,1,1,-1,2
2086,1,-1,-1,1,1,0
2087,5,-1,1,-1,-1,2
2088,-1,-1,-1,-1,-1,4
2089,5,1,1,-1,-1,1
2090,1,-1,1,1,-1,1
2091,-1,-1,-1,-1,1,0
2092,4,-1,1,-1,1,3
2093,-1,-1,-1,1,1,3
2094,3,-1,1,1,1,3
2095,-1,-1,-1,-1,-1,4
2096,1,1,1,1,-1,2
2097,-1,-1,-1,-1,-1,4
2098,5,-1,-1,-1,1,3
2099,-1,1,1,-1,1,0
2100,1,-1,1,1,1,0
2101,4,-1,1,1,-1,2
2102,5,-1,1,-1,-1,1
2103,2,-1,1,1,-1,1
2104,0,-1,1,-1,1,3
2105,4,1,1,1,-1,1
2106,3,1,1,1,-1,2
2107,1,-1,1,1,-1,1
2108,3,-1,1,1,-1,1
2109,2,-1,1,1,-1,2
2110,5,1,1,-1,-1,2
2111,3,1,-1,1,1,3
2112,1,1,1,1,-1,2
2113,5,1,1,-1,-1,2
2114,4,-1,-1,1,1,3
2115,-1,-1,-1,-1,-1,4
2116,-1,-1,1,-1,1,0
2117,2,-1,1,1,-1,1
2118,2,1,1,1,-1,1
2119,1,1,1,1,-1,2
2120,4,-1,1,1,-1,1
2121,4,1,1,1,-1,2
2122,4,-1,1,1,-1,1
2123,3,1,1,1,-1,2
2124,1,-1,-1,1,1,0
2125,-1,-1,-1,1,1,3
2126,1,-1,1,1,1,3
2127,2,1,1,1,-1,1
2128,1,-1,1,1,1,0
2129,3,-1,1,1,-1,1
2130,1,-1,1,1,1,0
2131,2,1,1,1,-1,1
2132,5,1,1,-1,-1,2
2133,1,1,1,1,-1,1
2134,3,-1,1,1,-1,2
2135,1,-1,1,-1,1,0
2136,-1,-1,1,1,1,3
2137,3,1,1,1,-1,2
2138,-1,-1,-1,-1,-1,4
2139,5,1,1,-1,-1,1
2140,1,1,1,1,-1,1
2141,3,-1,1,1,-1,1
2142,3,-1,1,1,-1,1
2143,3,-1,1,-1,1,0
2144,4,-1,1,1,-1,1
2145,3,1,1,1,-1,2
2146,1,1,1,1,-1,2
2147,3,-1,-1,1,1,3
2148,2,-1,1,1,-1,1
2149,1,-1,1,1,-1,1
2150,3,-1,1,1,-1,2
2151,-1,-1,-1,1,1,3
2152,-1,-1,-1,-1,-1,4
2153,2,1,1,1,-1,1
2154,3,-1,1,1,-1,2
2155,3,-1,-1,1,1,0
2156,-1,-1,-1,1,1,3
2157,2,-1,1,1,-1,2
2158,1,-1,1,1,1,0
2159,3,1,1,1,-1,2
2160,-1,-1,-1,1,1,0
2161,4,-1,1,1,1,3
2162,5,-1,1,-1,-1,1
2163,1,-1,1,1,-1,1
2164,1,-1,1,1,-1,1
2165,4,-1,-1,1,1,0
2166,1,-1,1,1,1,0
2167,3,-1,1,1,-1,2
2168,2,-1,1,1,-1,1
2169,3,-1,1,1,-1,1
2170,-1,-1,1,1,1,0
2171,2,-1,1,1,-1,1
2172,5,-1,1,-1,-1,1
2173,1,-1,-1,1,1,0
2174,1,-1,1,1,-1,2
2175,4,1,1,1,-1,2
2176,5,-1,1,-1,-1,2
2177,5,1,1,-1,-1,1
2178,2,-1,1,1,-1,2
2179,1,-1,1,1,1,0
2180,5,-1,1,-1,-1,2
2181,4,-1,1,1,-1,2
2182,-1,-1,-1,1,1,0
2183,3,-1,1,1,-1,1
2184,1,1,1,1,-1,2
2185,5,1,1,-1,-1,2
2186,3,1,1,1,-1,2
2187,3,-1,1,1,-1,1
2188,1,1,1,1,-1,1
2189,4,-1,1,1,1,3
2190,2,-1,1,1,-1,2
2191,5,1,1,-1,-1,1
2192,4,1,1,1,-1,2
2193,3,1,1,1,-1,1
2194,5,-1,1,-1,-1,2
2195,4,-1,1,1,1,0
2196,-1,1,-1,1,1,3
2197,4,-1,1,1,1,3
2198,3,1,1,1,-1,2
2199,4,1,-1,-1,1,3
2200,4,-1,-1,1,1,0
2201,1,-1,1,1,-1,1
2202,2,1,1,1,-1,1
2203,5,1,1,-1,-1,2
2204,-1,-1,1,1,1,3
2205,5,1,1,-1,-1,2
2206,3,-1,1,1,-1,2
2207,3,-1,1,1,-1,1
2208,3,-1,1,1,-1,2
2209,2,-1,1,1,-1,1
2210,5,-1,1,-1,-1,1
2211,3,-1,-1,1,1,0
2212,5,1,1,-1,-1,2
2213,2,1,1,1,-1,1
2214,1,1,1,1,-1,2
2215,-1,-1,-1,-1,-1,4
2216,2,1,1,1,-1,2
2217,5,1,-1,-1,1,3
2218,3,1,1,1,-1,2
2219,0,-1,1,1,1,3
2220,-1,-1,-1,1,1,0
2221,2,-1,1,1,-1,1
2222,-1,-1,1,-1,1,3
2223,-1,-1,1,-1,1,3
2224,4,1,1,1,-1,1
2225,4,-1,1,1,1,0
2226,4,1,1,1,-1,2
2227,3,1,1,1,-1,2
2228,-1,-1,-1,-1,1,3
2229,5,1,1,-1,-1,2
2230,-1,-1,1,1,1,0
2231,3,-1,-1,1,1,0
2232,2,-1,1,1,-1,1
2233,2,-1,1,1,-1,1
2234,5,1,1,-1,-1,1
2235,-1,-1,-1,-1,-1,4
2236,4,-1,1,1,1,3
2237,-1,-1,-1,-1,-1,4
2238,5,-1,1,-1,-1,2
2239,-1,-1,-1,-1,-1,4
2240,-1,-1,-1,-1,-1,4
2241,3,-1,1,-1,1,3
2242,5,1,-1,-1,1,3
2243,4,-1,-1,1,1,0
2244,2,-1,1,1,-1,1
2245,1,1,1,1,-1,1
2246,1,-1,1,1,1,3
2247,5,1,1,-1,-1,2
2248,2,-1,1,1,-1,1
2249,4,-1,-1,1,1,3
2250,5,1,1,-1,-1,2
2251,-1,-1,1,1,1,3
2252,-1,-1,-1,-1,-1,4
2253,5,1,1,-1,1,3
2254,-1,-1,1,1,1,3
2255,5,-1,1,-1,-1,1
2256,2,-1,1,1,-1,2
2257,2,1,1,1,-1,1
2258,-1,-1,1,1,1,3
2259,2,1,1,1,-1,2
2260,1,-1,1,1,1,3
2261,4,-1,-1,1,1,3
2262,-1,-1,1,1,1,3
2263,-1,-1,1,-1,1,3
2264,1,1,1,1,-1,1
2265,-1,-1,-1,1,1,0
2266,-1,-1,-1,-1,-1,4
2267,1,-1,1,1,-1,1
2268,5,1,1,-1,-1,1
2269,3,-1,1,1,1,0
2270,5,-1,1,-1,-1,1
2271,2,-1,1,1,-1,1
2272,3,-1,1,1,-1,1
2273,5,-1,1,-1,-1,1
2274,-1,-1,-1,-1,-1,4
2275,3,1,1,1,-1,2
2276,5,-1,1,-1,-1,1
2277,1,-1,1,1,-1,1
2278,5,1,1,-1,-1,2
2279,-1,-1,-1,-1,-1,4
2280,3,-1,-1,1,1,0
2281,3,-1,1,1,-1,2
2282,1,1,1,1,-1,2
2283,3,-1,1,1,1,3
2284,-1,-1,-1,-1,-1,4
2285,2,-1,1,1,-1,2
2286,4,1,1,1,-1,1
2287,-1,-1,-1,-1,-1,4
2288,3,1,1,1,-1,1
2289,1,-1,1,1,-1,1
2290,1,-1,1,1,-1,1
2291,-1,-1,-1,-1,-1,4
2292,-1,-1,-1,1,1,0
2293,-1,-1,1,-1,1,3
2294,0,-1,1,1,1,3
2295,2,1,1,1,-1,1
2296,4,-1,-1,1,1,0
2297,1,-1,1,1,-1,1
2298,-1,1,1,-1,1,0
2299,4,1,1,1,-1,1
2300,1,-1,1,1,-1,1
2301,2,1,1,1,-1,2
2302,5,-1,1,1,1,3
2303,3,1,1,1,-1,1
2304,1,1,1,1,-1,1
2305,2,1,1,1,-1,1
2306,4,-1,1,1,1,3
2307,-1,-1,-1,1,1,0
2308,4,-1,1,1,1,0
2309,-1,-1,-1,1,1,3
2310,3,-1,1,1,-1,2
2311,-1,-1,1,-1,1,3
2312,1,1,1,1,-1,1
2313,4,-1,1,-1,1,3
2314,1,1,1,1,-1,1
2315,1,1,1,1,-1,1
2316,4,-1,1,1,1,0
2317,1,1,1,1,-1,1
2318,4,1,1,1,-1,2
2319,1,-1,1,1,-1,1
2320,3,1,1,1,-1,1
2321,5,-1,1,-1,-1,1
2322,2,-1,1,1,-1,2
2323,1,-1,-1,-1,1,3
2324,-1,-1,1,1,1,0
2325,1,-1,1,1,-1,1
2326,3,-1,-1,-1,1,0
2327,0,-1,1,-1,1,3
2328,1,-1,1,1,1,3
2329,4,1,1,1,-1,2
2330,-1,-1,-1,-1,-1,4
2331,5,-1,1,-1,-1,1
2332,-1,-1,-1,1,1,3
2333,3,-1,1,1,-1,1
2334,4,-1,1,1,-1,1
2335,3,1,1,1,-1,1
2336,4,-1,1,1,1,3
2337,-1,-1,1,1,1,0
2338,3,1,1,1,-1,1
2339,2,1,1,1,-1,1
2340,4,-1,1,1,1,3
2341,4,-1,1,1,1,3
2342,4,1,1,1,-1,1
2343,3,-1,1,1,-1,1
2344,2,1,1,1,-1,2
2345,3,-1,1,1,-1,1
2346,1,-1,1,1,1,0
2347,0,-1,1,-1,-1,1
2348,4,-1,1,1,-1,2
2349,5,-1,1,-1,-1,2
2350,1,-1,1,1,-1,1
2351,-1,-1,1,1,1,0
2352,4,-1,-1,1,1,0
2353,0,1,1,-1,-1,2
2354,5,-1,1,-1,-1,1
2355,3,-1,1,1,1,0
2356,-1,-1,-1,1,1,0
2357,4,1,1,1,-1,2
2358,5,1,1,-1,-1,1
2359,-1,1,-1,1,1,3
2360,-1,-1,1,1,1,3
2361,1,1,1,1,-1,2
2362,2,-1,1,1,-1,1
2363,4,-1,1,1,1,0
2364,-1,-1,1,1,1,3
2365,2,1,1,1,-1,1
2366,2,-1,1,1,-1,1
2367,1,-1,1,1,-1,1
2368,3,-1,1,1,-1,2
2369,4,-1,1,1,1,0
2370,1,-1,1,1,1,0
2371,5,-1,1,-1,-1,1
2372,5,-1,1,-1,-1,2
2373,1,1,1,1,-1,1
2374,-1,-1,-1,-1,-1,4
2375,1,-1,-1,1,1,0
2376,5,-1,1,-1,-1,1
2377,-1,-1,-1,1,1,0
2378,3,-1,1,1,1,0
2379,-1,-1,-1,1,1,3
2380,3,-1,1,1,1,0
2381,2,1,1,1,-1,2
2382,2,-1,1,1,-1,1
2383,-1,-1,1,1,1,0
2384,3,-1,1,1,1,0
2385,-1,-1,-1,1,1,3
2386,1,-1,1,1,1,0
2387,-1,-1,1,-1,1,3
2388,5,-1,1,-1,-1,1
2389,4,-1,1,1,1,0
2390,2,1,1,1,-1,2
2391,1,-1,1,1,1,0
2392,4,-1,1,1,-1,1
2393,3,1,1,1,-1,2
2394,3,-1,1,1,-1,1
2395,4,-1,-1,1,1,3
2396,4,-1,1,-1,1,0
2397,1,1,1,1,-1,1
2398,4,-1,1,1,1,0
2399,4,1,1,1,-1,2
2400,1,1,1,1,-1,2
2401,4,-1,-1,-1,1,3
2402,-1,-1,1,1,1,0
2403,-1,-1,-1,1,1,3
2404,5,-1,1,-1,-1,2
2405,4,-1,1,1,1,3
2406,-1,-1,-1,-1,-1,4
2407,-1,-1,1,1,1,0
2408,3,1,1,1,-1,1
2409,1,1,1,1,-1,2
2410,-1,-1,-1,-1,-1,4
2411,4,-1,-1,1,1,0
2412,1,1,1,1,-1,1
2413,2,-1,1,1,-1,1
2414,-1,-1,-1,-1,-1,4
2415,5,-1,1,-1,1,3
2416,4,-1,-1,1,1,0
2417,5,1,1,-1,-1,2
2418,1,-1,1,1,-1,2
2419,4,-1,-1,-1,1,3
2420,1,-1,1,-1,1,3
2421,5,1,1,-1,-1,1
2422,3,-1,1,1,-1,1
2423,4,1,1,1,1,3
2424,2,1,1,1,-1,2
2425,4,-1,1,1,-1,2
2426,3,-1,1,1,1,0
2427,-1,-1,-1,-1,-1,4
2428,4,-1,-1,1,1,3
2429,3,-1,1,-1,1,0
2430,2,1,1,1,-1,2
2431,3,-1,1,1,1,3
2432,1,1,1,1,-1,1
2433,5,-1,-1,-1,1,0
2434,3,-1,1,1,-1,1
2435,-1,-1,-1,-1,1,0
2436,1,1,1,1,-1,2
2437,5,-1,1,-1,-1,2
2438,2,1,1,1,-1,2
2439,-1,-1,-1,-1,-1,4
2440,2,-1,1,1,-1,2
2441,1,-1,1,1,1,0
2442,3,-1,1,1,-1,2
2443,0,-1,-1,-1,1,3
2444,-1,-1,1,1,1,0
2445,3,1,1,1,-1,2
2446,4,-1,1,1,-1,1
2447,5,-1,1,-1,-1,2
2448,1,-1,-1,1,1,0
2449,4,1,1,1,-1,2
2450,-1,-1,1,1,1,0
2451,-1,-1,-1,-1,1,3
2452,-1,-1,-1,1,1,0
2453,3,-1,1,1,-1,1
2454,1,-1,-1,1,1,0
2455,3,-1,-1,1,1,3
2456,-1,-1,-1,-1,-1,4
2457,-1,-1,-1,-1,-1,4
2458,2,1,1,1,-1,2
2459,-1,-1,-1,1,1,0
2460,3,-1,1,1,-1,1
2461,2,1,1,1,-1,2
2462,-1,-1,-1,-1,-1,4
2463,3,-1,-1,1,1,3
2464,2,1,1,1,-1,2
2465,1,1,1,1,-1,1
2466,4,-1,1,1,-1,1
2467,4,-1,1,1,-1,1
2468,3,1,1,1,-1,2
2469,-1,-1,-1,-1,-1,4
2470,2,-1,1,1,-1,1
2471,1,1,1,1,-1,1
2472,3,-1,1,1,1,0
2473,-1,-1,-1,-1,-1,4
2474,1,1,1,1,-1,2
2475,2,-1,1,1,-1,1
2476,3,1,1,1,-1,1
2477,-1,-1,-1,-1,-1,4
2478,3,1,1,1,-1,1
2479,3,1,1,1,-1,2
2480,1,-1,1,1,-1,1
2481,1,-1,1,-1,1,0
2482,1,1,1,1,-1,2
2483,3,-1,1,1,1,0
2484,-1,-1,-1,1,1,0
2485,-1,-1,-1,-1,-1,4
2486,-1,-1,-1,-1,-1,4
2487,-1,-1,-1,-1,-1,4
2488,3,-1,1,1,-1,2
2489,4,-1,1,1,-1,2
2490,5,-1,1,-1,-1,2
2491,1,1,1,1,-1,1
2492,2,-1,1,1,-1,1
2493,1,-1,1,1,-1,1
2494,5,-1,1,-1,-1,1
2495,-1,-1,1,1,1,0
2496,5,1,1,-1,-1,2
2497,-1,-1,1,1,1,0
2498,-1,-1,-1,1,1,0
2499,5,-1,1,-1,-1,1
2500,5,1,-1,-1,1,3
2501,3,-1,1,1,-1,1
2502,1,1,1,1,-1,2
2503,1,-1,1,1,-1,1
2504,2,-1,1,1,-1,1
2505,-1,-1,-1,1,1,3
2506,5,1,1,-1,-1,2
2507,1,-1,1,1,1,0
2508,-1,-1,1,1,1,0
2509,3,-1,1,1,-1,1
2510,4,-1,1,1,1,3
2511,-1,-1,-1,1,1,3
2512,1,-1,-1,1,1,0
2513,5,-1,1,-1,-1,1
2514,1,1,1,1,-1,1
2515,3,-1,1,1,-1,2
2516,3,-1,1,1,-1,1
2517,1,-1,1,1,-1,1
2518,3,-1,1,1,1,3
2519,4,-1,1,1,1,0
2520,3,-1,1,1,-1,1
2521,2,-1,1,1,-1,1
2522,3,1,1,1,-1,2
2523,2,-1,1,1,-1,1
2524,1,1,1,1,-1,2
2525,2,1,1,1,-1,1
2526,3,-1,1,1,-1,1
2527,1,-1,1,1,1,3
2528,3,-1,1,1,1,0
2529,3,-1,1,1,-1,1
2530,2,-1,1,1,-1,2
2531,2,1,1,1,-1,1
2532,3,-1,1,1,-1,2
2533,-1,-1,-1,-1,-1,4
2534,1,-1,1,-1,1,0
2535,-1,-1,-1,1,1,3
2536,4,-1,1,1,-1,2
2537,-1,-1,-1,-1,-1,4
2538,3,-1,-1,1,1,3
2539,-1,-1,-1,-1,-1,4
2540,4,-1,1,-1,1,3
2541,3,-1,-1,-1,1,3
2542,3,-1,1,1,-1,1
2543,5,-1,1,-1,-1,2
2544,1,-1,1,1,-1,1
2545,4,-1,-1,1,1,0
2546,-1,-1,1,1,1,0
2547,2,1,1,1,-1,1
2548,5,1,1,-1,-1,1
2549,3,-1,1,1,-1,2
2550,3,1,1,1,-1,2
2551,1,1,1,1,-1,1
2552,3,1,1,1,-1,1
2553,3,-1,-1,1,1,3
2554,0,-1,-1,-1,1,3
2555,3,-1,1,1,-1,2
2556,1,1,1,1,-1,1
2557,-1,-1,-1,-1,-1,4
2558,5,-1,1,-1,-1,1
2559,2,-1,1,1,-1,1
2560,1,1,1,1,-1,2
2561,0,-1,1,-1,1,3
2562,1,1,1,1,-1,1
2563,1,-1,1,1,-1,1
2564,2,-1,1,1,-1,1
2565,1,-1,-1,1,1,0
2566,3,1,1,1,-1,1
2567,-1,-1,1,1,1,0
2568,3,-1,1,1,1,0
2569,-1,-1,-1,-1,-1,4
2570,4,-1,-1,1,1,3
2571,3,1,1,1,-1,1
2572,-1,-1,-1,1,1,3
2573,2,1,1,1,-1,2
2574,3,-1,-1,1,1,0
2575,-1,-1,-1,-1,-1,4
2576,5,-1,1,-1,-1,1
2577,3,1,1,1,-1,1
2578,1,-1,1,1,-1,2
2579,1,-1,1,1,-1,1
2580,4,-1,1,1,1,3
2581,5,-1,1,-1,-1,2
2582,1,-1,1,-1,1,0
2583,1,-1,1,1,1,3
2584,4,-1,1,1,1,3
2585,-1,-1,1,1,1,0
2586,5,-1,1,-1,-1,1
2587,2,1,1,1,-1,1
2588,-1,-1,1,-1,1,3
2589,3,1,1,1,-1,2
2590,-1,-1,-1,-1,-1,4
2591,3,-1,-1,1,1,0
2592,4,-1,1,1,1,0
2593,-1,-1,1,1,1,3
2594,2,1,1,1,-1,1
2595,3,1,1,1,-1,1
2596,1,-1,1,1,1,0
2597,-1,-1,-1,-1,-1,4
2598,3,-1,1,1,-1,1
2599,2,-1,1,1,-1,1
2600,5,1,1,-1,-1,2
2601,1,-1,1,1,-1,1
2602,1,-1,1,-1,1,0
2603,1,-1,1,1,-1,1
2604,1,-1,1,1,-1,1
2605,4,1,1,1,-1,2
2606,3,1,1,1,-1,1
2607,5,1,1,-1,-1,1
2608,5,-1,-1,-1,1,3
2609,-1,-1,1,1,1,0
2610,5,-1,-1,-1,1,3
2611,5,-1,1,-1,-1,1
2612,1,1,1,1,-1,2
2613,3,-1,1,1,1,0
2614,4,-1,1,1,-1,1
2615,-1,-1,1,1,1,0
2616,2,-1,1,1,-1,1
2617,1,1,1,1,-1,1
2618,2,1,1,1,-1,1
2619,1,-1,1,-1,1,0
2620,5,-1,-1,-1,1,3
2621,3,-1,1,1,-1,1
2622,4,-1,1,1,-1,1
2623,1,1,1,1,-1,2
2624,1,1,1,1,-1,1
2625,-1,-1,-1,1,1,0
2626,-1,-1,-1,-1,-1,4
2627,5,1,1,-1,-1,2
2628,2,-1,1,1,-1,2
2629,1,-1,1,1,-1,2
2630,5,-1,1,-1,-1,2
2631,1,1,1,1,-1,1
2632,4,-1,-1,1,1,3
2633,3,-1,1,1,1,3
2634,3,-1,1,1,1,3
2635,-1,-1,-1,-1,-1,4
2636,1,1,1,1,-1,2
2637,2,-1,1,1,-1,2
2638,1,-1,1,1,-1,1
2639,-1,-1,1,1,1,0
2640,1,-1,1,1,-1,1
2641,-1,-1,1,1,1,3
2642,-1,1,1,-1,1,3
2643,1,-1,1,-1,1,0
2644,1,-1,1,1,1,3
2645,2,-1,1,1,-1,1
2646,3,-1,1,1,-1,1
2647,3,-1,1,1,-1,1
2648,1,-1,1,1,-1,2
2649,3,1,1,1,-1,1
2650,2,1,1,1,-1,2
2651,-1,-1,-1,-1,-1,4
2652,1,1,1,1,-1,2
2653,3,-1,1,1,-1,2
2654,2,1,1,1,-1,1
2655,5,-1,-1,-1,1,3
2656,1,-1,1,1,-1,1
2657,3,1,1,1,-1,2
2658,3,1,1,1,-1,2
2659,1,-1,1,1,-1,2
2660,4,1,1,1,-1,2
2661,4,1,1,1,-1,2
2662,3,1,1,1,-1,1
2663,3,-1,1,1,1,0
2664,4,1,1,1,-1,1
2665,2,1,1,1,-1,2
2666,5,-1,1,-1,-1,1
2667,5,-1,1,-1,-1,1
2668,2,-1,1,1,-1,1
2669,1,1,1,1,-1,1
2670,4,-1,-1,1,1,0
2671,3,-1,1,-1,1,0
2672,3,1,1,1,1,0
2673,2,1,1,1,-1,2
2674,2,-1,1,1,-1,2
2675,4,-1,1,1,1,0
2676,-1,-1,-1,-1,-1,4
2677,3,-1,-1,1,1,3
2678,-1,-1,-1,-1,1,3
2679,3,1,1,1,-1,2
2680,3,1,1,1,-1,1
2681,4,-1,1,-1,1,3
2682,2,-1,1,1,-1,1
2683,4,-1,-1,1,1,3
2684,3,-1,1,1,-1,1
2685,-1,-1,-1,-1,-1,4
2686,4,-1,1,1,-1,2
2687,3,-1,1,1,-1,1
2688,4,-1,1,1,-1,2
2689,2,-1,1,1,-1,1
2690,1,1,1,1,-1,2
2691,5,1,1,-1,-1,2
2692,4,-1,1,1,1,0
2693,3,-1,1,1,-1,1
2694,2,-1,1,1,-1,1
2695,1,-1,1,1,-1,1
2696,4,-1,1,1,-1,1
2697,4,-1,-1,1,1,0
2698,4,-1,-1,1,1,3
2699,4,-1,1,1,1,3
2700,-1,-1,-1,1,1,0
2701,1,1,1,1,1,3
2702,1,-1,1,1,1,0
2703,1,1,1,1,-1,2
2704,3,-1,-1,-1,1,3
2705,3,-1,1,1,-1,2
2706,4,-1,1,1,1,0
2707,4,-1,-1,1,1,0
2708,3,-1,1,1,-1,1
2709,-1,-1,-1,-1,1,3
2710,0,-1,1,-1,1,3
2711,3,-1,-1,1,1,3
2712,3,-1,-1,1,1,3
2713,-1,-1,-1,-1,-1,4
2714,1,-1,1,1,-1,1
2715,-1,-1,-1,1,1,3
2716,2,-1,1,1,-1,1
2717,1,-1,1,1,1,0
2718,1,1,1,1,-1,0
2719,2,1,1,1,-1,1
2720,1,-1,1,1,-1,1
2721,0,1,1,-1,1,3
2722,3,-1,1,1,-1,2
2723,4,-1,-1,1,1,3
2724,0,1,1,-1,-1,2
2725,1,-1,1,1,-1,1
2726,3,-1,1,1,1,3
2727,4,1,1,1,1,3
2728,2,-1,1,1,-1,2
2729,4,-1,-1,1,1,0
2730,-1,-1,1,1,1,0
2731,1,-1,1,1,-1,1
2732,5,-1,1,-1,-1,2
2733,1,-1,1,-1,1,0
2734,5,-1,1,-1,-1,1
2735,2,-1,1,1,-1,1
2736,-1,-1,-1,1,1,0
2737,1,1,1,1,-1,1
2738,-1,-1,-1,-1,-1,4
2739,3,-1,1,1,-1,1
2740,2,-1,1,1,-1,2
2741,1,-1,-1,1,1,0
2742,1,-1,1,-1,1,0
2743,3,1,1,1,-1,0
2744,2,1,1,1,-1,1
2745,2,1,1,1,-1,1
2746,1,1,1,1,-1,2
2747,-1,-1,-1,-1,-1,4
2748,5,1,1,-1,-1,0
2749,2,-1,1,1,-1,1
2750,4,-1,-1,1,1,3
2751,3,-1,1,1,-1,1
2752,-1,-1,-1,-1,-1,4
2753,0,-1,-1,1,1,3
2754,-1,-1,1,1,1,0
2755,5,1,1,-1,-1,1
2756,3,-1,1,1,-1,1
2757,5,1,1,-1,-1,1
2758,-1,-1,-1,1,1,3
2759,1,1,1,1,-1,2
2760,5,-1,1,-1,-1,1
2761,3,1,1,1,-1,2
2762,1,-1,1,1,-1,1
2763,-1,-1,-1,-1,-1,4
2764,4,-1,-1,1,1,3
2765,-1,-1,-1,-1,-1,4
2766,0,-1,1,-1,-1,1
2767,5,-1,1,-1,-1,2
2768,5,1,1,-1,-1,2
2769,4,-1,-1,1,1,0
2770,1,1,1,1,-1,2
2771,4,1,1,1,-1,1
2772,-1,-1,-1,-1,-1,4
2773,4,-1,1,1,-1,1
2774,2,-1,1,1,-1,1
2775,5,-1,1,-1,-1,1
2776,-1,-1,-1,-1,-1,4
2777,3,-1,1,1,-1,1
2778,1,-1,1,1,-1,1
2779,-1,-1,1,-1,1,3
2780,-1,-1,1,1,1,0
2781,0,-1,1,1,1,3
2782,-1,-1,-1,-1,-1,4
2783,-1,-1,-1,-1,-1,4
2784,1,-1,-1,1,1,0
2785,1,-1,1,1,-1,1
2786,-1,-1,-1,-1,-1,4
2787,1,-1,1,1,-1,1
2788,-1,-1,-1,-1,1,3
2789,-1,-1,-1,1,1,3
2790,3,-1,-1,1,1,3
2791,0,-1,1,-1,1,3
2792,3,-1,1,1,-1,2
2793,1,-1,1,1,1,3
2794,-1,-1,1,1,1,3
2795,2,-1,1,1,-1,1
2796,3,1,1,1,-1,2
2797,5,-1,1,-1,-1,1
2798,4,-1,1,-1,1,3
2799,4,-1,-1,-1,1,3
2800,2,-1,1,1,-1,2
2801,3,-1,1,1,1,0
2802,2,1,1,1,-1,2
2803,2,-1,1,1,-1,2
2804,3,-1,1,1,-1,1
2805,-1,-1,1,-1,1,3
2806,2,-1,1,1,-1,1
2807,1,1,1,1,-1,2
2808,4,-1,1,1,1,0
2809,-1,-1,-1,1,1,0
2810,-1,1,1,-1,1,3
2811,4,-1,1,1,1,0
2812,-1,1,-1,-1,1,3
2813,3,-1,1,1,-1,2
2814,4,1,1,1,-1,1
2815,4,-1,1,1,-1,2
2816,-1,-1,-1,1,1,3
2817,1,-1,1,1,-1,2
2818,3,1,1,1,-1,2
2819,-1,-1,1,1,1,0
2820,1,1,1,1,-1,1
2821,5,-1,1,-1,-1,1
2822,2,1,1,1,-1,0
2823,4,-1,-1,1,1,0
2824,3,-1,1,1,1,0
2825,2,1,1,1,-1,2
2826,-1,-1,-1,-1,-1,4
2827,1,-1,1,-1,1,0
2828,-1,-1,-1,1,1,3
2829,-1,-1,-1,1,1,0
2830,5,1,-1,-1,1,3
2831,-1,-1,-1,-1,-1,4
2832,4,-1,1,1,-1,2
2833,0,-1,1,-1,1,3
2834,5,1,1,-1,-1,1
2835,-1,-1,-1,-1,-1,4
2836,2,-1,1,1,-1,1
2837,-1,-1,-1,1,1,3
2838,5,-1,1,-1,-1,2
2839,4,-1,1,1,-1,1
2840,1,-1,1,1,-1,1
2841,1,-1,1,1,-1,1
2842,1,-1,-1,1,1,0
2843,2,-1,1,1,-1,1
2844,5,1,1,-1,-1,2
2845,2,1,1,1,-1,1
2846,4,-1,1,-1,1,0
2847,1,1,1,1,-1,0
2848,2,-1,1,1,-1,2
2849,3,-1,1,1,1,0
2850,1,-1,1,1,-1,2
2851,-1,-1,1,1,1,3
2852,-1,-1,-1,1,1,0
2853,3,-1,-1,1,1,3
2854,5,1,1,-1,-1,2
2855,5,1,1,-1,1,3
2856,1,-1,1,1,-1,1
2857,3,-1,-1,1,1,3
2858,1,1,1,1,-1,1
2859,-1,-1,-1,-1,-1,4
2860,3,-1,1,1,-1,1
2861,4,-1,1,1,-1,1
2862,4,-1,1,1,-1,1
2863,3,-1,1,1,-1,1
2864,5,1,1,-1,-1,1
2865,2,1,1,1,-1,1
2866,3,-1,1,1,1,0
2867,1,1,1,1,-1,1
2868,3,-1,-1,1,1,0
2869,-1,-1,-1,-1,-1,4
2870,-1,-1,-1,-1,-1,4
2871,3,-1,1,1,-1,1
2872,2,-1,1,1,-1,2
2873,4,-1,1,1,-1,2
2874,5,1,1,-1,-1,2
2875,2,1,1,1,-1,2
2876,0,-1,1,-1,-1,1
2877,5,-1,1,-1,-1,1
2878,1,-1,1,1,-1,1
2879,3,-1,-1,1,1,0
2880,1,1,1,1,-1,2
2881,1,1,1,1,-1,2
2882,-1,-1,-1,-1,-1,4
2883,-1,-1,1,1,1,3
2884,1,-1,1,1,-1,2
2885,5,1,1,-1,-1,1
2886,-1,-1,-1,-1,-1,4
2887,1,-1,1,1,1,3
2888,-1,-1,-1,-1,-1,4
2889,5,-1,1,-1,-1,1
2890,4,-1,1,1,-1,2
2891,-1,-1,-1,1,1,3
2892,2,1,1,1,-1,2
2893,4,-1,-1,1,1,3
2894,2,1,1,1,-1,2
2895,1,-1,1,1,-1,1
2896,4,-1,-1,1,1,0
2897,5,-1,1,-1,-1,1
2898,3,-1,1,1,-1,1
2899,5,-1,1,-1,-1,2
2900,0,-1,1,-1,-1,2
2901,1,-1,1,1,-1,1
2902,3,-1,-1,1,1,0
2903,2,1,1,1,-1,1
2904,3,1,1,1,-1,1
2905,5,-1,1,-1,-1,1
2906,3,-1,-1,1,1,0
2907,2,-1,1,1,-1,1
2908,-1,-1,1,1,1,3
2909,5,-1,1,-1,1,3
2910,5,-1,1,-1,-1,2
2911,3,-1,-1,1,1,3
2912,-1,-1,-1,-1,-1,4
2913,3,1,1,1,-1,1
2914,1,-1,-1,1,1,0
2915,-1,-1,-1,-1,-1,4
2916,2,-1,1,1,-1,1
2917,3,-1,1,1,-1,1
2918,2,-1,1,1,-1,2
2919,3,-1,-1,1,1,0
2920,-1,1,-1,-1,1,3
2921,1,-1,1,1,-1,2
2922,5,1,1,-1,-1,1
2923,1,-1,1,1,-1,1
2924,3,-1,-1,1,1,3
2925,1,-1,1,1,-1,1
2926,3,-1,1,1,1,0
2927,4,1,1,1,-1,2
2928,-1,-1,-1,1,1,0
2929,3,1,1,1,-1,1
2930,4,1,1,1,-1,2
2931,4,-1,1,1,-1,1
2932,2,1,1,1,-1,2
2933,3,-1,1,1,-1,1
2934,-1,1,-1,1,1,3
2935,0,1,-1,1,1,3
2936,1,-1,1,1,-1,2
2937,1,1,1,1,-1,2
2938,2,-1,1,1,-1,2
2939,4,-1,-1,1,1,3
2940,1,-1,1,1,-1,1
2941,-1,-1,1,1,1,3
2942,-1,-1,-1,1,1,0
2943,4,1,1,1,-1,2
2944,3,1,1,1,-1,2
2945,1,1,1,1,-1,2
2946,2,-1,1,1,-1,1
2947,1,-1,1,1,-1,1
2948,0,-1,1,1,1,3
2949,1,-1,-1,1,1,0
2950,2,-1,1,1,-1,1
2951,4,1,1,1,-1,1
2952,4,-1,1,1,-1,2
2953,4,-1,1,1,1,3
2954,1,1,1,1,-1,2
2955,2,-1,1,1,-1,1
2956,3,1,1,1,-1,2
2957,-1,1,1,1,1,3
2958,3,-1,1,1,1,3
2959,1,-1,1,1,-1,1
2960,4,1,1,1,-1,2
2961,3,-1,1,1,1,3
2962,1,-1,-1,1,1,3
2963,3,-1,1,1,-1,1
2964,1,1,1,1,-1,1
2965,5,1,1,-1,-1,0
2966,0,-1,1,-1,-1,2
2967,3,-1,-1,-1,1,3
2968,1,-1,1,1,1,3
2969,4,1,1,1,-1,2
2970,-1,-1,-1,1,1,0
2971,2,1,1,1,-1,1
2972,5,1,1,-1,-1,2
2973,1,-1,1,1,-1,1
2974,5,-1,1,-1,-1,1
2975,3,-1,1,1,-1,1
2976,5,-1,1,-1,-1,1
2977,-1,-1,1,-1,1,0
2978,5,1,1,-1,-1,2
2979,3,-1,1,1,1,0
2980,1,-1,1,1,-1,2
2981,1,-1,1,1,-1,2
2982,2,1,1,1,-1,2
2983,-1,-1,-1,-1,-1,4
2984,-1,-1,-1,1,1,0
2985,1,-1,1,1,1,0
2986,1,-1,1,1,-1,1
2987,2,-1,1,1,-1,1
2988,1,-1,1,1,-1,2
2989,1,-1,1,1,-1,1
2990,1,1,1,1,-1,1
2991,-1,-1,-1,-1,-1,4
2992,3,1,1,1,-1,2
2993,1,-1,1,1,1,0
2994,3,1,1,1,-1,2
2995,2,-1,1,1,-1,1
2996,4,-1,1,1,1,3
2997,3,1,1,1,-1,1
2998,-1,-1,1,1,1,0
2999,1,-1,-1,1,1,0
3000,1,-1,1,1,1,0
3001,3,-1,-1,1,1,3
3002,-1,-1,-1,1,1,3
3003,3,-1,1,1,1,0
3004,3,-1,1,1,-1,1
3005,-1,-1,-1,1,1,3
3006,2,-1,1,1,-1,1
3007,-1,-1,1,1,1,0
3008,3,-1,1,1,-1,1
3009,5,-1,1,-1,-1,2
3010,2,-1,1,1,-1,1
3011,-1,-1,-1,-1,1,3
3012,-1,-1,-1,1,1,0
3013,4,-1,1,1,1,3
3014,1,-1,1,1,-1,1
3015,-1,-1,1,1,1,3
3016,-1,-1,-1,1,1,3
3017,3,-1,-1,1,1,0
3018,4,-1,-1,1,1,3
3019,-1,-1,-1,1,1,0
3020,2,-1,1,1,-1,1
3021,4,1,1,1,-1,2
3022,4,1,-1,1,1,0
3023,4,-1,-1,1,1,3
3024,2,1,1,1,-1,2
3025,4,-1,-1,-1,1,3
3026,1,-1,1,1,-1,1
3027,1,-1,1,1,-1,1
3028,-1,-1,1,1,1,0
3029,-1,-1,-1,-1,1,3
3030,3,1,1,1,-1,0
3031,3,-1,1,1,1,0
3032,2,-1,1,1,-1,1
3033,-1,-1,1,-1,1,3
3034,-1,-1,-1,-1,-1,4
3035,3,-1,-1,-1,1,3
3036,3,-1,1,1,-1,1
3037,-1,-1,-1,-1,-1,4
3038,0,-1,1,-1,1,3
3039,1,-1,1,1,-1,1
3040,5,-1,1,-1,-1,2
3041,1,1,1,1,-1,2
3042,1,1,1,1,-1,2
3043,-1,-1,-1,1,1,0
3044,-1,-1,-1,-1,-1,4
3045,1,-1,1,1,1,0
3046,3,-1,1,1,-1,1
3047,2,1,1,1,-1,1
3048,4,-1,1,1,1,3
3049,1,-1,1,1,1,0
3050,2,-1,1,1,-1,1
3051,-1,-1,-1,-1,-1,4
3052,2,-1,1,1,-1,1
3053,4,1,1,1,1,3
3054,-1,-1,-1,-1,-1,4
3055,2,1,1,1,-1,2
3056,-1,-1,-1,1,1,0
3057,2,-1,1,1,-1,1
3058,1,-1,1,1,-1,1
3059,2,-1,1,1,-1,1
3060,4,-1,-1,1,1,0
3061,2,-1,1,1,-1,1
3062,4,1,1,1,-1,2
3063,3,1,1,1,-1,2
3064,1,-1,1,1,-1,1
3065,2,1,1,1,-1,2
3066,-1,-1,-1,1,1,0
3067,-1,-1,-1,-1,-1,4
3068,-1,-1,-1,1,1,0
3069,1,-1,1,1,-1,1
3070,-1,-1,-1,-1,-1,4
3071,1,1,1,1,-1,2
3072,4,-1,1,-1,1,3
3073,1,1,1,1,-1,1
3074,-1,-1,1,1,1,3
3075,1,-1,-1,1,1,0
3076,1,-1,1,1,-1,1
3077,4,-1,-1,1,1,0
3078,4,-1,1,1,1,3
3079,4,-1,1,1,1,3
3080,1,1,1,1,-1,1
3081,2,1,1,1,-1,2
3082,5,1,1,-1,-1,2
3083,1,-1,1,1,-1,1
3084,-1,-1,1,1,1,3
3085,5,-1,1,-1,1,3
3086,-1,-1,-1,-1,-1,4
3087,1,1,1,1,-1,2
3088,1,-1,1,1,-1,2
3089,3,1,1,1,-1,1
3090,1,-1,1,1,-1,1
3091,3,-1,1,1,-1,1
3092,2,-1,1,1,-1,2
3093,5,1,1,-1,-1,2
3094,1,-1,1,1,-1,2
3095,3,-1,1,1,-1,1
3096,-1,1,-1,1,1,3
3097,3,-1,1,1,1,3
3098,2,1,1,1,-1,0
3099,-1,-1,-1,-1,-1,4
3100,0,-1,1,1,1,3
3101,1,-1,1,1,-1,2
3102,2,-1,1,1,-1,1
3103,4,-1,-1,1,1,0
3104,-1,-1,-1,-1,-1,4
3105,-1,-1,-1,-1,-1,4
3106,1,-1,-1,1,1,0
3107,1,-1,1,1,-1,1
3108,3,1,1,1,-1,2
3109,-1,-1,1,-1,1,3
3110,1,-1,-1,1,1,0
3111,4,-1,1,1,1,0
3112,4,-1,1,-1,1,0
3113,0,-1,-1,-1,1,3
3114,5,-1,1,-1,-1,2
3115,-1,-1,-1,-1,-1,4
3116,-1,-1,-1,1,1,3
3117,1,-1,1,1,-1,1
3118,5,-1,1,-1,-1,2
3119,-1,-1,1,1,1,3
3120,3,-1,1,1,-1,1
3121,4,-1,-1,1,1,0
3122,1,1,1,1,-1,1
3123,5,1,1,-1,-1,2
3124,3,-1,1,1,-1,2
3125,3,-1,1,1,1,3
3126,1,-1,1,1,-1,2
3127,5,-1,1,-1,-1,1
3128,1,-1,-1,-1,1,3
3129,3,-1,1,1,1,0
3130,2,-1,1,1,-1,2
3131,3,1,1,1,-1,1
3132,5,1,1,-1,-1,2
3133,-1,-1,1,1,1,0
3134,0,1,1,-1,1,3
3135,-1,-1,1,1,1,0
3136,4,-1,1,1,-1,1
3137,4,-1,-1,1,1,0
3138,3,-1,1,1,-1,1
3139,5,1,1,-1,-1,1
3140,5,-1,1,-1,-1,2
3141,-1,-1,-1,-1,1,3
3142,3,-1,-1,1,1,3
3143,3,-1,1,1,1,0
3144,2,-1,1,1,-1,1
3145,4,-1,1,1,-1,1
3146,5,1,1,-1,-1,2
3147,4,-1,1,1,-1,2
3148,4,-1,1,1,1,3
3149,2,1,1,1,-1,1
3150,2,1,1,1,-1,1
3151,-1,-1,1,1,1,3
3152,1,1,1,1,-1,2
3153,3,-1,1,1,1,0
3154,3,-1,1,1,-1,1
3155,5,1,1,-1,1,3
3156,-1,-1,-1,-1,-1,4
3157,-1,-1,-1,-1,1,3
3158,4,-1,1,1,1,0
3159,4,1,1,1,-1,2
3160,1,-1,1,1,1,0
3161,5,-1,1,-1,-1,1
3162,-1,-1,1,-1,1,0
3163,3,-1,1,1,1,0
3164,3,-1,-1,1,1,0
3165,-1,-1,1,1,1,0
3166,2,-1,1,1,-1,1
3167,2,-1,1,1,-1,2
3168,4,1,1,1,-1,1
3169,-1,1,1,1,1,3
3170,1,-1,1,1,-1,1
3171,1,1,1,1,-1,2
3172,3,1,1,1,-1,1
3173,1,-1,-1,1,1,0
3174,3,-1,1,1,-1,2
3175,-1,-1,-1,-1,-1,4
3176,5,-1,1,-1,-1,2
3177,1,-1,1,1,-1,1
3178,-1,-1,-1,1,1,3
3179,1,-1,-1,1,1,0
3180,4,-1,1,1,1,0
3181,2,-1,1,1,-1,1
3182,3,-1,1,1,-1,1
3183,-1,-1,-1,-1,-1,4
3184,3,-1,-1,1,1,0
3185,4,-1,1,1,1,3
3186,5,-1,1,-1,-1,1
3187,0,-1,1,-1,1,3
3188,3,-1,1,-1,1,0
3189,2,-1,1,1,-1,1
3190,5,-1,1,-1,-1,1
3191,1,-1,1,1,-1,1
3192,5,-1,1,-1,-1,1
3193,3,-1,1,1,-1,2
3194,3,-1,1,1,-1,1
3195,-1,-1,-1,-1,1,0
3196,3,1,1,1,-1,1
3197,4,-1,-1,1,1,0
3198,3,1,1,1,-1,1
3199,3,-1,-1,1,1,3
3200,1,-1,1,1,-1,1
3201,1,1,1,1,-1,2
3202,5,-1,1,-1,-1,1
3203,1,-1,1,1,-1,1
3204,3,-1,1,1,-1,1
3205,5,1,1,-1,-1,2
3206,4,-1,-1,1,1,3
3207,4,-1,1,1,-1,2
3208,5,-1,1,-1,-1,1
3209,2,-1,1,1,-1,1
3210,3,-1,1,1,-1,1
3211,1,-1,1,1,1,0
3212,4,-1,-1,-1,1,3
3213,4,1,1,1,-1,1
3214,1,-1,1,1,-1,1
3215,4,-1,1,1,1,0
3216,3,-1,1,1,-1,1
3217,5,1,1,-1,1,3
3218,-1,-1,-1,-1,1,3
3219,4,-1,1,-1,1,3
3220,-1,-1,-1,1,1,3
3221,-1,-1,-1,1,1,3
3222,3,1,1,1,-1,2
3223,5,-1,1,-1,-1,1
3224,2,-1,1,1,-1,2
3225,1,-1,1,1,-1,2
3226,3,-1,1,1,1,0
3227,3,1,1,1,-1,1
3228,3,-1,1,1,-1,2
3229,1,1,1,1,-1,1
3230,3,-1,1,1,-1,1
3231,5,1,1,-1,-1,1
3232,3,1,1,1,-1,1
3233,5,-1,1,-1,1,3
3234,1,1,1,1,-1,0
3235,-1,1,1,1,1,3
3236,4,-1,1,1,1,3
3237,1,1,1,1,-1,2
3238,5,-1,1,-1,-1,2
3239,3,-1,1,1,1,0
3240,-1,-1,1,1,1,0
3241,5,1,1,-1,-1,2
3242,1,-1,1,-1,1,0
3243,4,-1,1,1,-1,2
3244,2,1,1,1,-1,1
3245,5,-1,1,-1,-1,1
3246,4,-1,1,1,-1,1
3247,4,-1,1,1,-1,2
3248,3,-1,1,1,-1,1
3249,2,-1,1,1,-1,2
3250,4,-1,-1,-1,1,3
3251,-1,-1,-1,-1,1,3
3252,0,-1,1,-1,1,3
3253,4,-1,1,1,-1,1
3254,1,1,1,1,-1,2
3255,4,-1,-1,1,1,0
3256,3,-1,1,1,1,0
3257,3,1,1,1,-1,1
3258,-1,-1,-1,-1,-1,4
3259,1,-1,1,1,-1,1
3260,-1,-1,1,-1,1,3
3261,0,1,1,-1,-1,2
3262,1,1,1,1,-1,2
3263,1,-1,1,1,-1,2
3264,-1,-1,-1,-1,-1,4
3265,-1,-1,-1,-1,-1,4
3266,5,-1,1,-1,-1,1
3267,-1,1,1,1,1,0
3268,0,1,1,-1,-1,2
3269,4,-1,1,1,1,0
3270,-1,-1,-1,1,1,0
3271,4,-1,-1,-1,1,3
3272,1,-1,1,1,-1,2
3273,1,-1,1,1,-1,1
3274,-1,-1,1,1,1,3
3275,3,1,1,1,-1,1
3276,3,-1,1,1,1,3
3277,3,-1,-1,1,1,0
3278,0,1,1,-1,-1,2
3279,1,-1,-1,1,1,0
3280,4,-1,1,1,-1,1
3281,-1,1,-1,1,1,3
3282,2,-1,1,1,-1,2
3283,-1,-1,-1,-1,-1,4
3284,4,-1,1,1,-1,1
3285,2,1,1,1,-1,1
3286,2,1,1,1,-1,1
3287,0,-1,-1,-1,1,3
3288,1,1,1,1,-1,0
3289,1,1,1,1,-1,2
3290,2,1,1,1,-1,2
3291,1,-1,1,1,1,0
3292,5,-1,1,-1,-1,1
3293,5,-1,1,-1,-1,1
3294,4,-1,1,1,-1,1
3295,1,1,1,1,-1,2
3296,-1,1,-1,-1,1,3
3297,-1,-1,-1,-1,-1,4
3298,1,1,1,1,-1,2
3299,-1,-1,-1,1,1,3
3300,2,1,1,1,-1,1
3301,1,-1,1,1,-1,2
3302,2,1,1,1,-1,1
3303,-1,-1,-1,-1,-1,4
3304,2,-1,1,1,-1,1
3305,1,-1,1,-1,1,3
3306,4,-1,1,1,1,3
3307,1,1,1,1,-1,2
3308,1,-1,1,1,-1,1
3309,3,-1,1,1,1,3
3310,4,-1,-1,1,1,3
3311,-1,-1,-1,1,1,0
3312,4,-1,1,1,1,0
3313,1,1,1,1,-1,0
3314,2,1,1,1,-1,1
3315,1,1,1,1,-1,2
3316,-1,-1,1,1,1,3
3317,-1,-1,-1,-1,1,3
3318,3,-1,1,-1,1,3
3319,2,1,1,1,-1,1
3320,5,-1,1,-1,-1,2
3321,2,-1,1,1,-1,1
3322,-1,-1,-1,-1,-1,4
3323,5,1,1,-1,-1,2
3324,-1,-1,-1,-1,-1,4
3325,4,-1,-1,1,1,3
3326,-1,-1,-1,-1,-1,4
3327,5,1,1,-1,-1,2
3328,-1,-1,-1,1,1,0
3329,2,1,1,1,-1,2
3330,0,-1,1,-1,1,3
3331,1,-1,-1,1,1,0
3332,2,1,1,1,-1,2
3333,5,-1,1,-1,-1,1
3334,1,-1,1,1,-1,1
3335,-1,-1,-1,-1,-1,4
3336,4,-1,1,1,1,0
3337,3,-1,1,1,1,0
3338,2,1,1,1,-1,2
3339,-1,-1,-1,-1,-1,4
3340,1,-1,1,1,-1,1
3341,3,-1,-1,1,1,0
3342,5,1,1,-1,1,3
3343,1,1,1,1,-1,1
3344,4,1,1,1,-1,2
3345,-1,1,-1,-1,1,3
3346,-1,-1,1,-1,1,3
3347,4,-1,1,1,1,3
3348,4,-1,-1,1,1,0
3349,3,1,1,1,-1,1
3350,-1,-1,-1,-1,-1,4
3351,3,-1,1,1,-1,2
3352,-1,-1,-1,1,1,0
3353,2,-1,1,1,-1,2
3354,3,-1,1,1,-1,1
3355,4,-1,1,1,1,3
3356,3,-1,1,1,-1,2
3357,-1,-1,-1,-1,-1,4
3358,-1,-1,-1,1,1,3
3359,3,-1,-1,-1,1,3
3360,-1,-1,-1,-1,-1,4
3361,3,-1,1,1,-1,1
3362,5,1,1,-1,-1,2
3363,-1,-1,-1,1,1,3
3364,-1,-1,-1,-1,-1,4
3365,1,-1,1,1,-1,1
3366,2,1,1,1,-1,1
3367,1,-1,-1,1,1,0
3368,1,-1,1,1,1,0
3369,3,-1,1,1,-1,2
3370,-1,-1,-1,-1,1,3
3371,-1,-1,1,1,1,0
3372,-1,-1,-1,1,1,3
3373,1,-1,1,1,-1,2
3374,1,1,1,1,-1,0
3375,-1,-1,-1,-1,-1,4
3376,3,-1,-1,1,1,0
3377,2,-1,1,1,-1,2
3378,1,-1,-1,1,1,0
3379,5,-1,1,-1,-1,1
3380,4,-1,1,1,-1,1
3381,4,-1,1,1,1,0
3382,1,1,1,1,-1,2
3383,5,1,-1,-1,1,3
3384,2,1,1,1,-1,2
3385,1,-1,1,1,-1,2
3386,-1,-1,-1,1,1,3
3387,4,-1,-1,-1,1,3
3388,1,1,1,1,-1,2
3389,-1,-1,-1,-1,-1,4
3390,1,-1,1,1,-1,1
3391,3,1,1,1,-1,2
3392,1,-1,1,1,-1,1
3393,5,1,1,-1,-1,2
3394,5,-1,1,-1,-1,1
3395,0,1,1,-1,-1,2
3396,2,-1,1,1,-1,2
3397,4,-1,1,1,1,3
3398,-1,-1,-1,-1,-1,4
3399,3,-1,1,1,1,0
3400,-1,-1,-1,-1,1,3
3401,3,-1,1,1,-1,1
3402,-1,-1,-1,-1,-1,4
3403,-1,-1,-1,1,1,3
3404,5,1,1,-1,-1,2
3405,-1,-1,1,1,1,0
3406,-1,-1,-1,1,1,3
3407,4,-1,-1,1,1,3
3408,1,-1,1,1,-1,1
3409,1,-1,1,1,-1,1
3410,2,-1,1,1,-1,1
3411,-1,-1,1,1,1,3
3412,1,-1,1,1,-1,1
3413,1,-1,1,-1,1,0
3414,5,1,1,-1,-1,2
3415,0,-1,-1,-1,1,3
3416,-1,-1,-1,-1,-1,4
3417,2,1,1,1,-1,2
3418,5,1,1,-1,-1,1
3419,4,-1,1,1,1,3
3420,2,-1,1,1,-1,1
3421,2,-1,1,1,-1,1
3422,4,-1,1,1,1,3
3423,1,-1,1,-1,1,0
3424,3,-1,-1,1,1,0
3425,-1,-1,-1,-1,-1,4
3426,2,1,1,1,-1,1
3427,3,-1,-1,1,1,3
3428,5,1,1,-1,-1,2
3429,5,1,1,-1,-1,2
3430,3,-1,1,1,-1,1
3431,4,-1,1,1,1,3
3432,1,-1,1,1,-1,1
3433,-1,-1,1,1,1,0
3434,4,-1,-1,1,1,3
3435,1,-1,1,1,-1,1
3436,4,-1,1,1,-1,2
3437,-1,-1,1,1,1,0
3438,-1,-1,-1,-1,-1,4
3439,1,1,1,1,-1,1
3440,-1,-1,1,1,1,0
3441,-1,-1,-1,-1,-1,4
3442,5,1,1,-1,-1,1
3443,-1,-1,-1,-1,-1,4
3444,3,-1,1,1,1,0
3445,5,-1,1,-1,-1,1
3446,4,-1,1,1,1,3
3447,1,-1,1,1,-1,1
3448,1,1,1,1,-1,1
3449,3,-1,1,1,-1,1
3450,4,-1,-1,1,1,0
3451,2,1,1,1,-1,1
3452,-1,-1,-1,-1,-1,4
3453,3,-1,1,1,1,0
3454,2,-1,1,1,-1,2
3455,1,1,1,1,-1,1
3456,4,-1,-1,1,1,0
3457,2,1,1,1,-1,2
3458,-1,-1,-1,-1,-1,4
3459,3,-1,1,1,1,0
3460,-1,-1,-1,-1,1,0
3461,-1,-1,-1,-1,-1,4
3462,1,-1,1,1,1,3
3463,1,1,1,1,-1,2
3464,2,1,1,1,-1,1
3465,5,-1,1,-1,-1,1
3466,2,-1,1,1,-1,1
3467,1,-1,1,1,-1,1
3468,1,1,1,1,-1,0
3469,4,-1,1,1,1,3
3470,5,-1,1,-1,-1,1
3471,1,-1,1,1,-1,1
3472,2,1,1,1,-1,2
3473,3,-1,-1,1,1,0
3474,4,-1,1,1,-1,2
3475,3,-1,1,1,1,3
3476,-1,-1,1,1,1,0
3477,3,1,1,1,-1,2
3478,1,-1,1,1,-1,2
3479,4,-1,1,1,1,0
3480,1,-1,-1,1,1,0
3481,-1,-1,-1,1,1,3
3482,4,-1,1,1,-1,1
3483,5,-1,1,-1,-1,1
3484,4,-1,1,1,1,3
3485,-1,-1,-1,1,1,3
3486,3,-1,1,1,1,0
3487,3,1,1,1,-1,2
3488,5,-1,1,-1,1,3
3489,-1,-1,-1,-1,-1,4
3490,5,1,1,-1,-1,1
3491,2,-1,1,1,-1,2
3492,4,-1,1,1,1,3
3493,5,1,1,-1,-1,2
3494,3,1,1,1,-1,1
3495,4,1,1,1,-1,1
3496,1,-1,-1,1,1,0
3497,3,1,1,1,-1,2
3498,4,-1,1,1,1,0
3499,4,1,1,1,-1,2
3500,2,-1,1,1,-1,2
3501,4,-1,1,1,1,0
3502,2,-1,1,1,-1,1
3503,-1,-1,-1,-1,-1,4
3504,3,-1,1,1,-1,1
3505,-1,1,1,1,1,3
3506,1,-1,-1,1,1,0
3507,5,1,1,-1,-1,2
3508,1,-1,1,1,-1,2
3509,1,-1,1,1,-1,1
3510,3,1,1,1,-1,1
3511,3,1,1,1,-1,1
3512,3,-1,1,1,1,3
3513,1,-1,-1,1,1,3
3514,2,-1,1,1,-1,2
3515,-1,-1,-1,1,1,0
3516,-1,-1,-1,-1,-1,4
3517,4,-1,1,1,1,3
3518,3,1,1,1,-1,1
3519,3,-1,1,1,-1,1
3520,4,-1,1,-1,1,3
3521,5,-1,1,-1,-1,2
3522,4,1,1,1,-1,2
3523,5,1,1,-1,-1,2
3524,-1,-1,-1,-1,1,3
3525,-1,-1,-1,-1,-1,4
3526,4,1,1,-1,1,3
3527,-1,-1,-1,1,1,0
3528,1,-1,1,1,-1,2
3529,1,-1,1,1,-1,2
3530,5,-1,-1,-1,1,3
3531,4,-1,-1,1,1,3
3532,4,1,1,1,-1,2
3533,1,1,1,1,-1,1
3534,3,-1,1,1,-1,1
3535,3,-1,1,1,-1,1
3536,1,-1,1,1,1,3
3537,4,-1,1,1,-1,2
3538,3,-1,1,1,1,0
3539,4,-1,-1,1,1,0
3540,1,-1,1,1,1,3
3541,5,1,1,-1,-1,2
3542,4,-1,-1,1,1,0
3543,4,-1,1,1,1,0
3544,5,-1,1,-1,-1,1
3545,1,-1,-1,1,1,0
3546,3,-1,-1,1,1,0
3547,1,1,1,1,-1,1
3548,-1,-1,-1,1,1,0
3549,2,1,1,1,-1,1
3550,1,-1,1,1,-1,1
3551,3,-1,1,1,1,0
3552,1,1,1,1,-1,1
3553,4,-1,-1,1,1,3
3554,1,-1,-1,1,1,3
3555,-1,-1,-1,-1,1,3
3556,4,-1,1,1,-1,2
3557,4,1,1,1,-1,1
3558,3,-1,1,1,-1,1
3559,5,1,-1,-1,1,3
3560,3,-1,1,1,1,0
3561,2,-1,1,1,-1,2
3562,4,-1,1,1,-1,2
3563,5,1,1,-1,-1,2
3564,-1,-1,-1,-1,-1,4
3565,-1,-1,1,1,1,3
3566,-1,-1,-1,-1,-1,4
3567,5,-1,1,-1,1,3
3568,-1,-1,1,-1,1,0
3569,4,-1,1,1,-1,1
3570,3,-1,1,1,-1,1
3571,-1,-1,1,1,1,3
3572,2,-1,1,1,-1,2
3573,4,1,1,1,-1,2
3574,-1,-1,-1,-1,-1,4
3575,3,-1,1,1,-1,1
3576,1,-1,-1,1,1,0
3577,1,-1,-1,1,1,0
3578,-1,-1,-1,1,1,3
3579,1,1,1,1,-1,1
3580,-1,-1,-1,-1,-1,4
3581,4,-1,1,1,1,0
3582,2,1,1,1,-1,2
3583,1,-1,1,1,-1,2
3584,5,-1,1,-1,-1,1
3585,3,-1,-1,1,1,0
3586,2,-1,1,1,-1,1
3587,-1,-1,-1,-1,-1,4
3588,4,-1,1,1,1,0
3589,4,-1,-1,1,1,3
3590,2,1,1,1,-1,2
3591,0,-1,1,-1,-1,2
3592,5,-1,1,-1,-1,2
3593,5,-1,1,-1,-1,1
3594,3,1,1,1,-1,1
3595,3,-1,1,1,1,0
3596,-1,-1,-1,-1,-1,4
3597,2,-1,1,1,-1,1
3598,1,-1,1,1,-1,2
3599,1,-1,1,1,-1,1
3600,5,1,-1,-1,1,3
3601,4,1,1,1,-1,1
3602,3,1,1,1,1,3
3603,5,-1,1,-1,-1,1
3604,5,1,1,-1,-1,1
3605,4,-1,-1,1,1,3
3606,-1,-1,1,1,1,3
3607,3,-1,1,1,-1,1
3608,5,1,1,-1,-1,0
3609,1,-1,1,1,-1,1
3610,3,-1,1,1,1,0
3611,-1,-1,1,1,1,3
3612,1,-1,1,1,1,0
3613,4,-1,1,1,-1,2
3614,3,-1,1,1,-1,1
3615,1,1,1,1,-1,2
3616,1,1,1,1,-1,2
3617,2,1,1,1,-1,2
3618,4,-1,1,1,1,0
3619,3,1,1,1,-1,1
3620,-1,-1,-1,-1,-1,4
3621,2,1,1,1,-1,0
3622,2,1,1,1,-1,1
3623,5,-1,1,-1,-1,1
3624,3,1,1,1,-1,1
3625,2,1,1,1,-1,2
3626,5,-1,1,-1,-1,1
3627,-1,-1,-1,-1,-1,4
3628,3,-1,1,1,1,0
3629,1,-1,-1,1,1,0
3630,-1,-1,-1,-1,1,3
3631,1,-1,-1,1,1,0
3632,1,-1,1,-1,1,0
3633,4,1,1,1,-1,1
3634,3,-1,-1,1,1,3
3635,-1,-1,1,1,1,3
3636,-1,-1,1,1,1,3
3637,3,-1,1,1,-1,1
3638,1,-1,1,1,-1,1
3639,1,-1,1,1,-1,1
3640,2,-1,1,1,-1,1
3641,4,-1,1,1,-1,2
3642,3,-1,1,1,1,0
3643,5,-1,1,-1,-1,2
3644,-1,1,1,-1,1,3
3645,0,1,1,-1,1,3
3646,2,-1,1,1,-1,1
3647,2,-1,1,1,-1,2
3648,2,1,1,1,-1,1
3649,5,1,1,-1,-1,0
3650,3,-1,1,1,1,0
3651,0,-1,-1,-1,1,3
3652,-1,-1,-1,-1,-1,4
3653,-1,-1,1,-1,1,3
3654,-1,-1,-1,-1,-1,4
3655,3,-1,1,1,1,0
3656,4,-1,-1,1,1,0
3657,5,-1,1,-1,1,3
3658,3,-1,1,1,-1,1
3659,-1,-1,-1,1,1,3
3660,-1,-1,-1,-1,-1,4
3661,-1,-1,1,1,1,0
3662,4,-1,1,1,-1,2
3663,5,1,1,-1,-1,2
3664,1,1,1,1,-1,2
3665,5,1,1,-1,-1,2
3666,-1,1,-1,1,1,3
3667,-1,-1,-1,-1,-1,4
3668,2,-1,1,1,-1,1
3669,-1,-1,-1,-1,-1,4
3670,-1,-1,1,-1,1,0
3671,3,-1,1,1,-1,1
3672,3,-1,-1,1,1,0
3673,5,1,1,-1,1,3
3674,2,1,1,1,-1,2
3675,2,-1,1,1,-1,1
3676,5,-1,1,-1,-1,1
3677,5,1,1,-1,-1,2
3678,4,-1,1,1,-1,1
3679,3,-1,1,1,1,0
3680,2,1,1,1,-1,1
3681,3,-1,1,-1,1,0
3682,1,-1,1,1,-1,2
3683,5,-1,1,-1,-1,2
3684,3,1,1,1,-1,2
3685,2,-1,1,1,-1,1
3686,2,1,1,1,-1,1
3687,3,-1,1,1,1,0
3688,3,-1,1,1,1,0
3689,5,1,1,-1,-1,0
3690,-1,-1,-1,1,1,3
3691,3,-1,1,1,1,0
3692,4,-1,-1,1,1,3
3693,3,-1,1,1,-1,2
3694,3,-1,1,1,-1,2
3695,5,1,1,-1,-1,2
3696,1,-1,1,1,-1,1
3697,4,-1,1,1,1,0
3698,1,-1,1,1,-1,1
3699,2,-1,1,1,-1,1
3700,1,1,1,1,-1,2
3701,2,-1,1,1,-1,2
3702,4,-1,1,1,-1,2
3703,5,-1,1,-1,-1,2
3704,2,1,1,1,-1,1
3705,3,1,1,1,-1,2
3706,3,-1,1,1,-1,1
3707,4,-1,-1,1,1,0
3708,1,1,1,1,-1,2
3709,4,1,1,1,-1,2
3710,3,-1,-1,1,1,0
3711,-1,-1,-1,-1,1,0
3712,-1,-1,-1,-1,-1,4
3713,1,1,1,1,-1,2
3714,-1,-1,-1,-1,1,3
3715,5,-1,1,-1,-1,1
3716,4,1,1,1,-1,2
3717,2,1,1,1,-1,1
3718,-1,-1,-1,1,1,0
3719,1,-1,-1,1,1,0
3720,-1,-1,-1,1,1,0
3721,4,-1,1,1,-1,2
3722,4,1,1,1,-1,2
3723,-1,1,1,-1,1,3
3724,1,-1,1,1,-1,1
3725,5,1,1,-1,-1,1
3726,2,-1,1,1,-1,2
3727,1,1,1,1,-1,0
3728,-1,-1,1,-1,1,3
3729,4,-1,1,1,-1,2
3730,-1,-1,1,1,1,0
3731,3,-1,1,1,-1,2
3732,-1,-1,-1,-1,-1,4
3733,2,-1,1,1,-1,1
3734,0,-1,1,-1,-1,2
3735,3,-1,1,1,-1,1
3736,-1,-1,-1,1,1,0
3737,3,-1,1,1,-1,1
3738,5,1,1,-1,-1,0
3739,-1,-1,-1,-1,-1,4
3740,-1,-1,-1,1,1,0
3741,3,-1,1,1,1,3
3742,-1,-1,-1,-1,1,3
3743,5,-1,-1,1,1,3
3744,3,-1,1,1,-1,2
3745,-1,-1,1,1,1,0
3746,1,-1,1,1,-1,2
3747,1,1,1,1,-1,1
3748,-1,-1,-1,1,1,0
3749,-1,-1,-1,1,1,0
3750,3,1,1,1,-1,2
3751,3,1,1,1,-1,1
3752,1,-1,1,1,-1,1
3753,4,1,1,1,-1,2
3754,3,-1,1,-1,1,3
3755,-1,-1,-1,-1,-1,4
3756,3,-1,1,1,-1,1
3757,3,-1,1,1,1,0
3758,-1,-1,-1,1,1,0
3759,5,1,1,-1,-1,1
3760,3,-1,1,1,-1,1
3761,1,-1,1,1,1,0
3762,-1,-1,-1,1,1,0
3763,3,1,1,1,-1,2
3764,3,-1,-1,1,1,0
3765,2,1,1,1,-1,1
3766,-1,-1,-1,1,1,0
3767,4,1,1,1,-1,2
3768,-1,-1,1,1,1,0
3769,-1,-1,1,-1,1,0
3770,2,-1,1,1,-1,2
3771,1,-1,1,1,1,0
3772,4,-1,1,1,1,3
3773,1,-1,1,1,-1,2
3774,1,-1,1,1,1,0
3775,2,-1,1,1,-1,2
3776,-1,-1,-1,-1,-1,4
3777,4,1,1,1,-1,2
3778,5,-1,1,-1,-1,1
3779,1,1,1,1,-1,2
3780,5,-1,-1,-1,1,3
3781,3,1,1,1,-1,1
3782,-1,-1,-1,-1,-1,4
3783,-1,-1,-1,-1,-1,4
3784,3,-1,-1,1,1,3
3785,3,-1,-1,1,1,0
3786,2,-1,1,1,-1,1
3787,2,-1,1,1,-1,1
3788,4,-1,1,1,-1,2
3789,5,-1,1,-1,-1,2
3790,1,-1,1,-1,1,0
3791,3,-1,1,1,1,0
3792,-1,-1,-1,-1,-1,4
3793,1,-1,1,1,-1,1
3794,5,-1,1,-1,-1,1
3795,-1,-1,-1,-1,-1,4
3796,3,-1,1,1,1,3
3797,3,-1,-1,1,1,0
3798,4,-1,1,1,-1,1
3799,2,-1,1,1,-1,1
3800,4,1,1,1,-1,2
3801,3,-1,-1,-1,1,3
3802,-1,-1,-1,-1,-1,4
3803,-1,-1,1,1,1,3
3804,-1,-1,-1,-1,1,3
3805,1,-1,-1,1,1,0
3806,3,-1,1,1,-1,1
3807,1,1,1,1,-1,2
3808,-1,-1,-1,-1,-1,4
3809,2,1,1,1,-1,2
3810,4,-1,1,1,-1,1
3811,1,1,1,1,-1,2
3812,3,1,1,1,-1,1
3813,4,1,1,1,-1,1
3814,1,-1,1,1,1,0
3815,5,1,1,-1,-1,2
3816,1,-1,1,1,-1,1
3817,3,1,1,1,-1,2
3818,3,1,1,1,1,3
3819,-1,-1,1,-1,1,0
3820,1,-1,1,1,1,0
3821,-1,-1,1,1,1,0
3822,5,1,1,-1,-1,2
3823,4,-1,1,1,1,3
3824,4,-1,1,1,1,3
3825,5,-1,1,-1,-1,1
3826,3,-1,-1,1,1,3
3827,4,-1,-1,1,1,3
3828,4,-1,-1,1,1,0
3829,-1,-1,1,-1,1,3
3830,-1,-1,-1,1,1,0
3831,4,-1,-1,1,1,0
3832,5,-1,1,-1,1,3
3833,5,1,1,-1,-1,1
3834,4,-1,1,1,1,0
3835,-1,-1,-1,-1,-1,4
3836,3,-1,1,1,-1,2
3837,4,-1,-1,1,1,0
3838,4,-1,-1,1,1,0
3839,4,-1,-1,-1,1,3
3840,2,-1,1,1,-1,2
3841,1,-1,1,1,-1,1
3842,1,-1,-1,1,1,0
3843,-1,-1,-1,-1,-1,4
3844,-1,-1,-1,-1,-1,4
3845,4,-1,-1,1,1,3
3846,-1,-1,1,1,1,3
3847,2,-1,1,1,-1,1
3848,4,-1,1,1,1,3
3849,3,-1,-1,-1,1,3
3850,4,-1,-1,1,1,0
3851,4,1,1,1,-1,2
3852,4,1,1,1,-1,1
3853,-1,-1,1,1,1,0
3854,4,-1,-1,-1,1,3
3855,-1,1,-1,1,1,3
3856,4,-1,1,1,-1,1
3857,-1,-1,-1,1,1,0
3858,-1,-1,-1,-1,-1,4
3859,3,-1,1,1,1,3
3860,5,-1,1,-1,-1,1
3861,3,-1,-1,1,1,3
3862,2,1,1,1,-1,1
3863,3,-1,1,1,-1,2
3864,1,-1,1,-1,1,0
3865,4,-1,-1,1,1,0
3866,4,-1,1,1,1,3
3867,4,-1,-1,-1,1,3
3868,5,1,1,-1,-1,2
3869,3,-1,1,1,1,0
3870,-1,-1,-1,-1,1,3
3871,1,-1,-1,1,1,0
3872,-1,-1,-1,1,1,0
3873,3,-1,1,1,-1,1
3874,1,1,1,1,-1,2
3875,4,-1,1,1,1,3
3876,-1,-1,-1,1,1,3
3877,3,-1,1,1,1,0
3878,5,-1,1,-1,-1,1
3879,-1,-1,-1,1,1,3
3880,1,1,1,1,-1,2
3881,-1,1,-1,1,1,3
3882,5,1,1,-1,-1,2
3883,4,-1,1,1,1,0
3884,3,-1,1,1,-1,1
3885,5,1,1,-1,-1,1
3886,2,-1,1,1,-1,1
3887,1,-1,1,1,-1,1
3888,-1,-1,-1,-1,-1,4
3889,-1,-1,-1,-1,-1,4
3890,5,-1,1,-1,-1,1
3891,-1,-1,-1,1,1,0
3892,3,1,1,1,-1,2
3893,-1,-1,-1,1,1,3
3894,-1,-1,-1,1,1,0
3895,2,-1,1,1,-1,2
3896,1,1,1,1,-1,1
3897,1,1,1,1,-1,1
3898,-1,-1,-1,1,1,0
3899,4,-1,1,-1,1,3
3900,5,1,1,-1,-1,2
3901,1,1,1,1,-1,0
3902,3,1,1,1,-1,0
3903,4,-1,1,1,-1,1
3904,3,-1,1,1,1,0
3905,2,-1,1,1,-1,1
3906,5,1,1,-1,-1,2
3907,-1,-1,-1,1,1,0
3908,-1,-1,1,1,1,0
3909,1,1,1,1,-1,2
3910,1,1,1,1,-1,2
3911,4,-1,1,1,-1,1
3912,1,-1,1,1,-1,1
3913,4,-1,-1,1,1,0
3914,1,-1,1,1,-1,2
3915,1,-1,1,1,-1,2
3916,4,-1,1,1,-1,2
3917,-1,-1,-1,1,1,3
3918,-1,-1,-1,1,1,0
3919,3,-1,-1,1,1,3
3920,3,1,1,1,-1,2
3921,3,-1,1,1,-1,2
3922,2,1,1,1,-1,1
3923,-1,-1,-1,-1,-1,4
3924,2,1,1,1,-1,2
3925,2,1,1,1,-1,2
3926,1,1,1,1,-1,2
3927,4,-1,1,1,1,0
3928,5,-1,1,-1,-1,1
3929,4,-1,1,1,1,3
3930,2,-1,1,1,-1,2
3931,-1,-1,-1,-1,-1,4
3932,3,-1,1,1,1,3
3933,-1,-1,1,-1,1,0
3934,1,-1,1,1,1,0
3935,4,1,1,1,-1,2
3936,1,-1,1,1,-1,1
3937,4,-1,1,-1,1,3
3938,3,-1,1,1,-1,1
3939,5,-1,1,-1,-1,2
3940,2,1,1,1,-1,1
3941,3,-1,1,1,-1,2
3942,-1,-1,1,1,1,0
3943,4,-1,-1,1,1,3
3944,3,-1,-1,-1,1,0
3945,5,1,1,-1,-1,2
3946,4,-1,1,1,1,3
3947,3,-1,1,1,1,3
3948,2,1,1,1,-1,1
3949,2,-1,1,1,-1,1
3950,-1,-1,-1,-1,-1,4
3951,5,-1,1,-1,-1,2
3952,-1,-1,-1,1,1,3
3953,4,-1,-1,1,1,0
3954,4,1,1,1,-1,2
3955,1,-1,1,1,1,0
3956,1,-1,-1,-1,1,0
3957,3,-1,1,1,-1,1
3958,-1,-1,1,1,1,3
3959,1,-1,1,1,1,0
3960,4,-1,-1,1,1,0
3961,3,-1,1,1,-1,2
3962,-1,-1,-1,1,1,0
3963,3,-1,1,1,1,0
3964,4,1,1,1,-1,2
3965,4,-1,-1,1,1,0
3966,1,1,1,1,-1,2
3967,3,1,1,1,-1,2
3968,1,1,1,1,-1,2
3969,2,-1,1,1,-1,2
3970,1,-1,1,1,1,0
3971,3,-1,-1,1,1,3
3972,-1,-1,-1,-1,-1,4
3973,5,1,1,-1,-1,2
3974,3,-1,1,1,1,0
3975,3,-1,1,1,-1,1
3976,1,1,1,1,-1,2
3977,-1,-1,-1,1,1,0
3978,5,1,1,-1,-1,1
3979,2,-1,1,1,-1,2
3980,0,-1,1,-1,-1,2
3981,-1,-1,-1,-1,-1,4
3982,4,1,1,1,-1,1
3983,2,-1,1,1,-1,1
3984,5,-1,1,-1,-1,2
3985,4,-1,1,1,-1,2
3986,-1,-1,-1,-1,-1,4
3987,3,-1,-1,1,1,0
3988,3,-1,1,1,1,3
3989,-1,-1,1,-1,1,3
3990,1,-1,-1,1,1,0
3991,-1,-1,1,1,1,3
3992,1,1,1,1,-1,2
3993,3,-1,1,1,-1,1
3994,1,-1,-1,1,1,0
3995,2,1,1,1,-1,0
3996,2,1,1,1,-1,2
3997,1,1,1,1,-1,1
3998,5,1,1,-1,-1,0
3999,3,-1,1,1,1,0
4000,5,-1,1,-1,-1,1
4001,-1,-1,-1,-1,-1,4
4002,0,1,1,-1,-1,2
4003,-1,-1,-1,-1,-1,4
4004,-1,-1,-1,-1,-1,4
4005,-1,-1,-1,1,1,0
4006,1,1,1,1,-1,2
4007,0,-1,1,1,1,3
4008,-1,-1,-1,-1,1,0
4009,-1,-1,1,1,1,0
4010,4,-1,-1,1,1,3
4011,1,-1,1,1,-1,2
4012,-1,-1,-1,-1,-1,4
4013,4,-1,1,-1,1,3
4014,-1,-1,1,1,1,3
4015,-1,-1,-1,-1,-1,4
4016,-1,-1,-1,-1,-1,4
4017,3,-1,1,1,1,3
4018,3,-1,-1,1,1,0
4019,5,1,1,-1,-1,1
4020,-1,-1,1,1,1,0
4021,-1,-1,1,1,1,0
4022,2,1,1,1,-1,0
4023,-1,-1,-1,1,1,0
4024,1,1,1,1,-1,0
4025,3,-1,1,1,-1,1
4026,-1,-1,1,1,1,3
4027,1,-1,1,1,-1,2
4028,1,-1,1,1,-1,1
4029,5,-1,-1,-1,1,3
4030,5,1,1,-1,-1,2
4031,3,-1,1,1,1,0
4032,4,1,1,1,-1,1
4033,-1,-1,-1,-1,-1,4
4034,5,-1,1,-1,-1,1
4035,0,-1,1,1,1,3
4036,-1,-1,1,1,1,3
4037,4,-1,-1,1,1,3
4038,-1,-1,-1,-1,-1,4
4039,4,-1,1,1,-1,2
4040,-1,-1,1,1,1,0
4041,5,1,1,-1,-1,2
4042,3,1,1,1,-1,2
4043,2,1,1,1,-1,2
4044,3,-1,1,1,1,3
4045,-1,-1,-1,-1,-1,4
4046,-1,-1,1,-1,1,3
4047,4,-1,1,1,1,0
4048,2,1,1,1,-1,2
4049,-1,-1,-1,-1,-1,4
4050,4,-1,1,1,-1,1
4051,-1,-1,-1,1,1,3
4052,3,-1,1,-1,1,0
4053,5,-1,1,-1,-1,1
4054,-1,-1,-1,-1,-1,4
4055,1,1,1,1,-1,2
4056,4,-1,1,1,-1,1
4057,1,1,1,1,-1,2
4058,4,-1,-1,1,1,0
4059,3,-1,1,1,-1,2
4060,2,-1,1,1,-1,1
4061,5,-1,1,-1,-1,2
4062,3,-1,-1,1,1,0
4063,5,-1,-1,-1,1,3
4064,-1,-1,-1,-1,-1,4
4065,4,-1,-1,1,1,3
4066,4,-1,1,1,-1,1
4067,4,1,1,1,-1,2
4068,1,-1,1,1,-1,1
4069,1,1,1,1,-1,2
4070,3,-1,1,1,1,0
4071,4,-1,1,1,1,0
4072,5,1,1,-1,-1,2
4073,1,1,1,1,-1,2
4074,3,1,1,1,-1,1
4075,4,-1,1,1,1,3
4076,3,-1,1,1,1,0
4077,5,1,1,-1,-1,1
4078,5,1,1,-1,-1,1
4079,1,-1,1,1,1,0
4080,-1,-1,-1,1,1,0
4081,3,-1,1,1,1,0
4082,-1,-1,1,1,1,3
4083,1,-1,1,1,1,3
4084,2,1,1,1,-1,2
4085,3,-1,-1,1,1,3
4086,3,-1,-1,1,1,0
4087,-1,-1,1,1,1,0
4088,1,1,1,1,-1,1
4089,5,-1,1,-1,-1,2
4090,2,1,1,1,-1,2
4091,3,-1,1,1,1,0
4092,3,-1,1,1,-1,1
4093,2,-1,1,1,-1,1
4094,4,1,1,1,-1,1
4095,-1,-1,-1,1,1,0
4096,4,1,1,1,-1,2
4097,2,-1,1,1,-1,1
4098,1,-1,1,1,-1,1
4099,-1,-1,1,-1,1,0
4100,1,-1,1,1,-1,2
4101,-1,-1,-1,-1,1,3
4102,1,1,1,1,-1,2
4103,1,-1,1,1,-1,2
4104,2,1,1,1,-1,1
4105,1,-1,1,1,1,3
4106,-1,-1,-1,-1,-1,4
4107,-1,-1,-1,1,1,0
4108,4,-1,1,-1,1,3
4109,3,-1,-1,1,1,0
4110,4,-1,-1,1,1,0
4111,5,-1,1,-1,-1,1
4112,4,-1,1,1,1,3
4113,3,-1,1,1,1,3
4114,5,-1,1,-1,-1,2
4115,4,-1,1,1,1,0
4116,1,-1,1,1,-1,1
4117,3,-1,1,1,1,0
4118,1,-1,1,1,-1,2
4119,4,1,1,1,-1,2
4120,3,-1,1,1,1,0
4121,4,-1,-1,1,1,3
4122,1,-1,1,1,1,0
4123,2,1,1,1,-1,1
4124,1,1,1,1,-1,2
4125,-1,-1,-1,1,1,0
4126,4,-1,1,1,-1,2
4127,5,1,-1,-1,1,3
4128,5,-1,1,-1,1,3
4129,1,-1,1,-1,1,3
4130,1,-1,1,1,-1,1
4131,3,-1,-1,1,1,0
4132,2,1,1,1,-1,2
4133,1,-1,1,1,1,0
4134,1,1,1,1,-1,2
4135,3,1,1,1,-1,1
4136,3,1,1,1,-1,2
4137,1,1,1,1,-1,0
4138,3,1,1,1,-1,1
4139,-1,1,-1,-1,1,3
4140,2,1,1,1,-1,2
4141,3,-1,1,1,-1,1
4142,4,-1,1,1,1,0
4143,1,-1,1,1,-1,1
4144,2,-1,1,1,-1,2
4145,1,1,1,1,-1,2
4146,-1,-1,1,1,1,3
4147,1,-1,1,1,-1,2
4148,-1,-1,-1,-1,-1,4
4149,-1,1,1,-1,1,3
4150,2,-1,1,1,-1,2
4151,5,1,1,-1,-1,1
4152,2,-1,1,1,-1,2
4153,4,-1,-1,1,1,0
4154,-1,-1,-1,-1,-1,4
4155,2,-1,1,1,-1,2
4156,5,1,1,-1,-1,1
4157,1,-1,-1,1,1,0
4158,1,-1,1,1,-1,1
4159,4,-1,1,1,-1,2
4160,3,-1,1,1,-1,1
4161,1,-1,1,1,-1,1
4162,4,1,1,1,-1,2
4163,-1,-1,1,1,1,0
4164,3,-1,-1,1,1,3
4165,4,-1,1,-1,1,3
4166,3,-1,1,1,1,0
4167,-1,-1,-1,1,1,0
4168,1,-1,-1,-1,1,0
4169,4,-1,-1,-1,1,3
4170,1,1,1,1,-1,0
4171,-1,-1,1,1,1,0
4172,1,-1,-1,-1,1,3
4173,3,1,1,1,-1,2
4174,4,-1,1,1,1,0
4175,5,1,1,-1,-1,0
4176,-1,-1,-1,-1,-1,4
4177,2,1,1,1,-1,0
4178,3,-1,1,1,-1,2
4179,-1,-1,-1,-1,-1,4
4180,2,1,1,1,-1,1
4181,2,-1,1,1,-1,1
4182,2,-1,1,1,-1,1
4183,-1,-1,-1,-1,-1,4
4184,3,1,1,1,-1,2
4185,3,-1,-1,1,1,0
4186,-1,-1,-1,-1,-1,4
4187,2,-1,1,1,-1,1
4188,3,-1,-1,1,1,0
4189,1,-1,1,1,-1,2
4190,3,1,1,1,-1,2
4191,2,1,1,1,-1,1
4192,-1,-1,-1,1,1,3
4193,1,-1,1,1,1,3
4194,3,-1,1,1,-1,2
4195,4,-1,1,1,-1,1
4196,1,-1,-1,1,1,0
4197,-1,-1,-1,1,1,3
4198,2,-1,1,1,-1,1
4199,-1,-1,-1,-1,-1,4
4200,3,-1,1,1,-1,2
4201,1,1,1,1,-1,1
4202,2,-1,1,1,-1,2
4203,2,1,1,1,-1,1
4204,2,-1,1,1,-1,2
4205,5,-1,1,-1,-1,1
4206,3,-1,1,1,-1,1
4207,3,-1,1,1,1,3
4208,5,1,1,-1,-1,2
4209,3,-1,1,1,1,3
4210,-1,-1,-1,-1,-1,4
4211,-1,-1,-1,-1,-1,4
4212,3,1,1,1,-1,1
4213,0,-1,1,-1,-1,2
4214,3,-1,1,1,-1,1
4215,1,-1,1,-1,1,0
4216,-1,-1,-1,-1,-1,4
4217,3,-1,1,1,-1,1
4218,4,-1,-1,1,1,0
4219,5,-1,1,-1,-1,2
4220,3,1,1,1,-1,2
4221,5,1,1,-1,-1,2
4222,0,1,1,-1,-1,2
4223,2,1,1,1,-1,1
4224,1,-1,-1,1,1,0
4225,-1,-1,-1,-1,-1,4
4226,3,-1,1,1,1,0
4227,3,1,1,1,-1,2
4228,2,1,1,1,-1,2
4229,-1,-1,-1,1,1,3
4230,5,1,1,-1,-1,2
4231,1,-1,1,1,1,0
4232,4,-1,-1,-1,1,3
4233,3,-1,-1,1,1,0
4234,-1,-1,-1,1,1,0
4235,1,-1,1,1,1,0
4236,2,-1,1,1,-1,1
4237,-1,-1,-1,1,1,3
4238,4,-1,1,1,1,0
4239,2,1,1,1,-1,0
4240,3,-1,1,1,-1,1
4241,1,-1,1,1,1,0
4242,3,-1,1,1,-1,1
4243,-1,-1,-1,-1,-1,4
4244,4,-1,1,1,-1,1
4245,-1,-1,-1,-1,-1,4
4246,-1,-1,-1,-1,-1,4
4247,1,-1,1,1,-1,1
4248,2,-1,1,1,-1,1
4249,3,-1,1,1,-1,1
4250,1,-1,-1,1,1,0
4251,3,-1,-1,1,1,3
4252,1,-1,1,1,-1,2
4253,5,1,1,-1,-1,2
4254,-1,-1,-1,-1,-1,4
4255,1,1,1,1,-1,1
4256,2,1,1,1,-1,2
4257,5,-1,-1,-1,1,3
4258,1,-1,1,1,-1,1
4259,-1,-1,-1,-1,-1,4
4260,1,-1,-1,1,1,0
4261,5,-1,1,-1,-1,1
4262,-1,-1,-1,-1,-1,4
4263,2,1,1,1,-1,1
4264,0,1,1,-1,-1,2
4265,2,-1,1,1,-1,1
4266,5,-1,1,-1,1,3
4267,-1,-1,1,1,1,3
4268,3,-1,1,1,-1,1
4269,5,-1,1,-1,-1,1
4270,2,1,1,1,-1,1
4271,-1,-1,-1,1,1,3
4272,3,1,1,1,-1,1
4273,3,-1,-1,-1,1,3
4274,1,1,1,1,-1,2
4275,3,-1,1,1,-1,1
4276,-1,-1,-1,-1,1,3
4277,1,-1,-1,1,1,0
4278,3,-1,1,1,-1,1
4279,3,1,1,1,-1,1
4280,-1,-1,-1,-1,-1,4
4281,5,-1,1,-1,1,3
4282,1,-1,1,1,-1,2
4283,-1,-1,-1,-1,-1,4
4284,3,1,1,1,-1,2
4285,1,1,1,1,-1,1
4286,1,1,1,1,-1,1
4287,1,1,1,1,-1,2
4288,4,-1,-1,-1,1,0
4289,5,-1,1,-1,-1,1
4290,3,-1,1,1,1,3
4291,1,-1,1,1,-1,1
4292,3,-1,1,1,-1,1
4293,-1,-1,-1,1,1,3
4294,-1,-1,-1,-1,-1,4
4295,5,1,-1,-1,1,3
4296,5,1,1,-1,-1,2
4297,1,1,1,1,-1,1
4298,2,-1,1,1,-1,1
4299,3,-1,-1,1,1,0
4300,0,-1,1,-1,1,3
4301,5,-1,1,-1,-1,2
4302,-1,-1,-1,-1,-1,4
4303,2,1,1,1,-1,2
4304,1,-1,1,1,-1,1
4305,-1,-1,1,1,1,3
4306,5,1,1,-1,-1,2
4307,1,1,1,1,-1,2
4308,4,-1,-1,1,1,3
4309,-1,-1,-1,-1,-1,4
4310,1,-1,1,1,-1,1
4311,-1,-1,-1,-1,-1,4
4312,1,-1,1,1,-1,2
4313,-1,-1,-1,1,1,0
4314,5,-1,-1,-1,1,3
4315,5,1,1,-1,-1,1
4316,4,-1,1,1,1,3
4317,4,-1,1,1,1,0
4318,0,-1,1,-1,1,3
4319,-1,-1,-1,-1,-1,4
4320,-1,-1,-1,-1,-1,4
4321,1,-1,1,1,-1,1
4322,3,-1,1,1,-1,1
4323,-1,-1,-1,-1,1,3
4324,1,1,1,1,-1,1
4325,-1,-1,-1,-1,-1,4
4326,2,-1,1,1,-1,1
4327,1,1,1,1,-1,1
4328,4,-1,-1,1,1,0
4329,3,-1,1,-1,1,3
4330,-1,-1,-1,1,1,0
4331,-1,-1,-1,-1,-1,4
4332,-1,-1,-1,1,1,0
4333,-1,-1,1,-1,1,0
4334,2,-1,1,1,-1,1
4335,-1,-1,1,-1,1,3
4336,-1,-1,1,1,1,0
4337,3,-1,-1,1,1,0
4338,3,-1,-1,1,1,0
4339,3,-1,1,1,-1,2
4340,1,-1,1,1,-1,1
4341,1,-1,1,1,-1,1
4342,-1,-1,1,-1,1,3
4343,-1,-1,-1,1,1,0
4344,3,1,1,1,-1,2
4345,3,-1,1,1,1,0
4346,-1,-1,-1,-1,-1,4
4347,-1,-1,1,1,1,0
4348,1,-1,-1,1,1,0
4349,4,-1,1,1,1,0
4350,-1,-1,-1,1,1,0
4351,2,-1,1,1,-1,1
4352,4,-1,1,1,-1,1
4353,-1,-1,1,1,1,0
4354,-1,-1,1,1,1,3
4355,1,-1,1,1,1,0
4356,1,1,1,1,-1,2
4357,1,1,1,1,-1,2
4358,-1,-1,-1,1,1,3
4359,1,-1,-1,1,1,0
4360,4,1,1,1,-1,1
4361,3,-1,1,1,1,0
4362,2,-1,1,1,-1,2
4363,-1,-1,1,1,1,3
4364,2,1,1,1,-1,2
4365,1,1,1,1,-1,2
4366,5,-1,1,-1,-1,1
4367,-1,-1,-1,-1,-1,4
4368,2,-1,1,1,-1,2
4369,-1,-1,-1,1,1,3
4370,-1,-1,-1,1,1,0
4371,1,-1,1,-1,1,0
4372,1,1,1,1,-1,0
4373,3,-1,1,-1,1,3
4374,5,1,1,-1,-1,1
4375,-1,-1,1,1,1,0
4376,1,-1,1,1,1,0
4377,-1,-1,-1,-1,-1,4
4378,4,1,1,-1,1,3
4379,1,-1,1,1,-1,1
4380,-1,-1,-1,-1,-1,4
4381,4,-1,-1,1,1,0
4382,3,-1,1,1,-1,2
4383,-1,-1,-1,1,1,0
4384,5,1,1,-1,-1,2
4385,1,-1,1,1,-1,1
4386,1,-1,1,1,1,0
4387,1,-1,1,1,-1,1
4388,3,-1,1,1,-1,1
4389,1,1,1,1,-1,1
4390,1,-1,1,1,-1,2
4391,3,-1,1,1,-1,2
4392,-1,-1,-1,-1,1,3
4393,1,1,1,1,-1,2
4394,-1,-1,1,-1,1,3
4395,1,-1,1,1,-1,2
4396,2,-1,1,1,-1,2
4397,-1,-1,-1,-1,-1,4
4398,4,-1,1,1,-1,1
4399,5,1,1,-1,-1,1
4400,2,-1,1,1,-1,1
4401,1,-1,1,-1,1,0
4402,4,-1,-1,1,1,0
4403,5,-1,1,-1,-1,1
4404,1,-1,1,1,1,0
4405,-1,-1,-1,1,1,0
4406,-1,-1,-1,1,1,0
4407,5,-1,1,-1,-1,1
4408,-1,-1,-1,-1,-1,4
4409,4,1,1,1,-1,2
4410,1,-1,1,1,1,0
4411,2,-1,1,1,-1,1
4412,-1,-1,-1,1,1,0
4413,-1,-1,-1,-1,-1,4
4414,5,1,1,-1,-1,2
4415,4,-1,1,1,-1,1
4416,4,-1,1,1,-1,1
4417,3,-1,-1,-1,1,3
4418,3,-1,-1,1,1,3
4419,4,1,1,1,-1,2
4420,3,-1,1,1,-1,1
4421,-1,-1,-1,1,1,3
4422,2,-1,1,1,-1,2
4423,1,-1,1,1,-1,2
4424,1,1,1,1,-1,2
4425,-1,1,-1,1,1,3
4426,1,-1,1,1,-1,2
4427,-1,-1,-1,-1,-1,4
4428,-1,-1,1,1,1,3
4429,3,-1,-1,1,1,3
4430,2,-1,1,1,-1,1
4431,3,-1,1,-1,1,0
4432,3,-1,-1,1,1,0
4433,5,-1,1,-1,-1,1
4434,4,-1,-1,1,1,3
4435,-1,-1,-1,1,1,3
4436,3,1,1,1,-1,1
4437,4,-1,-1,1,1,3
4438,-1,-1,1,1,1,3
4439,2,1,1,1,-1,2
4440,5,1,1,-1,-1,2
4441,2,1,1,1,-1,2
4442,1,-1,-1,1,1,0
4443,4,-1,1,1,-1,1
4444,1,-1,1,-1,1,0
4445,1,1,1,1,-1,2
4446,1,-1,1,1,1,0
4447,-1,-1,-1,-1,1,3
4448,4,-1,1,1,1,0
4449,-1,-1,1,-1,1,3
4450,3,-1,-1,1,1,3
4451,3,-1,1,1,-1,1
4452,3,1,1,1,-1,2
4453,4,1,1,1,-1,1
4454,3,-1,1,1,1,0
4455,-1,-1,-1,1,1,0
4456,3,-1,1,1,1,3
4457,3,-1,1,1,-1,2
4458,3,-1,1,1,-1,1
4459,4,1,1,1,-1,1
4460,1,-1,1,1,1,0
4461,4,-1,-1,1,1,0
4462,-1,-1,-1,-1,-1,4
4463,4,1,1,1,1,0
4464,5,1,-1,-1,1,3
4465,3,1,1,1,-1,1
4466,4,-1,-1,1,1,0
4467,3,-1,1,1,-1,1
4468,5,1,1,-1,-1,2
4469,1,-1,1,1,-1,2
4470,3,-1,1,1,1,0
4471,2,-1,1,1,-1,1
4472,1,1,1,1,-1,2
4473,-1,-1,-1,-1,-1,4
4474,5,-1,1,-1,-1,1
4475,2,-1,1,1,-1,1
4476,4,-1,1,-1,1,3
4477,3,-1,-1,1,1,3
4478,2,-1,1,1,-1,1
4479,3,1,1,1,-1,1
4480,-1,-1,-1,1,1,3
4481,4,-1,1,1,-1,2
4482,3,-1,-1,1,1,0
4483,3,-1,1,1,1,0
4484,3,-1,1,-1,1,3
4485,3,-1,1,1,-1,2
4486,4,-1,-1,1,1,0
4487,5,-1,1,-1,-1,1
4488,5,-1,1,-1,-1,1
4489,5,1,1,-1,-1,2
4490,2,1,1,1,-1,1
4491,1,-1,-1,1,1,0
4492,4,-1,1,1,1,3
4493,3,1,1,1,-1,1
4494,2,1,1,1,-1,2
4495,-1,-1,-1,1,1,0
4496,3,-1,1,1,1,3
4497,4,-1,1,-1,1,3
4498,1,1,1,1,-1,1
4499,4,-1,-1,-1,1,3
4500,1,1,1,1,-1,1
4501,4,-1,-1,1,1,3
4502,-1,-1,1,-1,1,3
4503,3,1,1,1,-1,1
4504,2,-1,1,1,-1,1
4505,1,-1,1,-1,1,0
4506,-1,-1,-1,-1,-1,4
4507,5,-1,1,-1,-1,2
4508,-1,-1,-1,1,1,3
4509,4,-1,1,1,-1,1
4510,5,1,1,-1,-1,2
4511,-1,-1,-1,-1,-1,4
4512,1,-1,1,1,-1,2
4513,-1,-1,-1,-1,-1,4
4514,4,-1,1,-1,1,3
4515,3,-1,1,1,1,0
4516,3,1,1,1,-1,1
4517,5,1,1,-1,-1,1
4518,2,1,1,1,-1,2
4519,-1,-1,1,1,1,0
4520,-1,-1,1,-1,1,3
4521,2,-1,1,1,-1,1
4522,-1,-1,1,1,1,3
4523,3,-1,1,1,-1,2
4524,-1,-1,-1,-1,-1,4
4525,1,1,1,1,-1,2
4526,1,-1,1,1,-1,2
4527,4,-1,-1,1,1,3
4528,1,-1,1,1,-1,2
4529,5,-1,1,-1,-1,1
4530,1,-1,1,1,1,0
4531,-1,-1,-1,1,1,0
4532,1,-1,1,1,1,0
4533,3,1,-1,1,1,3
4534,-1,-1,1,1,1,0
4535,0,-1,1,-1,1,3
4536,2,-1,1,1,-1,1
4537,4,1,1,1,-1,2
4538,4,-1,1,1,-1,2
4539,3,1,1,1,-1,1
4540,2,1,1,1,-1,2
4541,-1,-1,-1,-1,-1,4
4542,-1,-1,-1,-1,-1,4
4543,0,1,1,-1,-1,2
4544,1,-1,1,-1,1,3
4545,2,-1,1,1,-1,1
4546,3,-1,1,1,1,0
4547,5,1,1,-1,-1,2
4548,-1,-1,-1,1,1,3
4549,-1,-1,-1,-1,-1,4
4550,4,-1,-1,1,1,3
4551,1,-1,1,1,-1,1
4552,1,-1,1,1,1,0
4553,3,-1,1,1,-1,2
4554,4,1,1,1,-1,2
4555,4,-1,1,-1,1,3
4556,2,1,1,1,-1,2
4557,3,1,1,1,-1,2
4558,3,1,1,1,-1,1
4559,4,-1,-1,1,1,3
4560,5,1,1,-1,-1,2
4561,2,-1,1,1,-1,1
4562,-1,-1,-1,-1,-1,4
4563,-1,-1,-1,1,1,0
4564,2,-1,1,1,-1,2
4565,-1,-1,1,1,1,3
4566,1,-1,-1,1,1,0
4567,-1,-1,-1,1,1,0
4568,1,1,1,1,-1,2
4569,4,-1,-1,1,1,0
4570,3,-1,1,1,-1,1
4571,3,-1,1,1,1,0
4572,-1,1,-1,1,1,3
4573,3,-1,1,1,1,0
4574,3,-1,1,1,1,0
4575,4,1,1,1,-1,2
4576,1,1,1,1,-1,2
4577,-1,-1,-1,-1,-1,4
4578,4,-1,1,1,1,0
4579,4,-1,1,1,-1,1
4580,1,-1,-1,-1,1,0
4581,0,1,1,-1,-1,2
4582,1,1,1,1,-1,1
4583,1,-1,1,1,1,0
4584,-1,-1,-1,-1,-1,4
4585,3,-1,-1,1,1,0
4586,1,1,1,1,-1,2
4587,4,-1,1,1,1,3
4588,3,1,1,1,-1,2
4589,1,-1,-1,1,1,0
4590,2,-1,1,1,-1,2
4591,-1,-1,-1,-1,-1,4
4592,3,1,1,1,-1,2
4593,1,1,1,1,-1,2
4594,3,-1,1,1,-1,1
4595,-1,-1,-1,-1,-1,4
4596,3,-1,1,1,-1,2
4597,-1,-1,-1,1,1,0
4598,5,-1,1,-1,-1,1
4599,4,-1,1,-1,1,3
4600,3,-1,-1,1,1,0
4601,1,1,1,1,-1,1
4602,5,-1,1,-1,-1,2
4603,1,-1,-1,1,1,0
4604,-1,-1,-1,-1,-1,4
4605,3,1,1,1,-1,1
4606,-1,-1,-1,1,1,0
4607,1,-1,1,1,-1,2
4608,4,-1,1,1,1,3
4609,1,-1,-1,1,1,0
4610,1,-1,1,1,-1,1
4611,4,1,1,1,-1,2
4612,5,-1,1,-1,-1,2
4613,3,-1,1,1,-1,2
4614,4,1,1,1,-1,1
4615,-1,-1,-1,-1,1,3
4616,4,-1,-1,1,1,0
4617,3,1,1,1,-1,2
4618,1,-1,1,1,1,3
4619,1,1,1,1,-1,2
4620,-1,-1,-1,-1,-1,4
4621,1,-1,1,-1,1,3
4622,-1,-1,-1,-1,-1,4
4623,-1,-1,-1,1,1,3
4624,4,1,1,1,-1,2
4625,1,-1,1,1,-1,2
4626,-1,-1,-1,-1,-1,4
4627,5,-1,1,-1,-1,1
4628,2,-1,1,1,-1,1
4629,-1,-1,-1,1,1,0
4630,-1,-1,-1,-1,-1,4
4631,4,-1,1,1,-1,2
4632,-1,-1,-1,1,1,3
4633,1,-1,1,1,1,0
4634,4,-1,1,1,1,0
4635,-1,-1,-1,1,1,0
4636,1,1,1,1,-1,1
4637,2,1,1,1,-1,1
4638,3,-1,1,1,-1,1
4639,5,1,1,-1,-1,2
4640,4,-1,1,1,-1,1
4641,3,-1,1,1,1,3
4642,1,1,1,1,-1,2
4643,-1,-1,-1,-1,-1,4
4644,5,1,-1,-1,1,3
4645,-1,-1,-1,1,1,3
4646,1,1,1,1,-1,2
4647,-1,-1,-1,-1,-1,4
4648,3,-1,1,1,1,3
4649,1,1,1,1,-1,2
4650,-1,-1,-1,1,1,0
4651,5,-1,1,-1,-1,2
4652,3,1,1,1,-1,1
4653,1,-1,1,1,1,0
4654,-1,-1,-1,-1,-1,4
4655,1,1,1,1,-1,1
4656,-1,-1,1,1,1,0
4657,1,-1,-1,1,1,0
4658,2,1,1,1,-1,2
4659,4,-1,1,1,1,3
4660,4,-1,1,1,1,3
4661,4,-1,1,-1,1,3
4662,-1,-1,-1,-1,-1,4
4663,-1,-1,1,1,1,3
4664,5,1,1,-1,-1,2
4665,-1,-1,-1,-1,-1,4
4666,-1,-1,-1,-1,-1,4
4667,-1,-1,-1,-1,-1,4
4668,1,-1,1,1,-1,2
4669,-1,-1,-1,-1,-1,4
4670,-1,-1,-1,-1,-1,4
4671,3,-1,1,1,-1,1
4672,4,-1,1,1,-1,1
4673,3,-1,-1,1,1,3
4674,-1,-1,-1,1,1,0
4675,5,-1,1,-1,-1,1
4676,-1,-1,-1,-1,-1,4
4677,4,-1,-1,1,1,0
4678,4,-1,-1,1,1,3
4679,4,-1,-1,1,1,3
4680,4,-1,1,-1,1,0
4681,1,-1,-1,-1,1,0
4682,3,-1,1,1,-1,2
4683,4,-1,1,1,1,0
4684,1,-1,1,1,1,0
4685,4,-1,1,1,-1,1
4686,0,-1,1,-1,1,3
4687,1,-1,1,1,-1,2
4688,5,-1,1,-1,-1,1
4689,1,-1,-1,1,1,0
4690,1,-1,-1,1,1,0
4691,1,-1,1,-1,1,3
4692,5,1,1,-1,-1,1
4693,1,-1,1,1,1,0
4694,2,-1,1,1,-1,1
4695,4,-1,-1,1,1,0
4696,4,1,1,-1,1,3
4697,4,-1,-1,1,1,0
4698,5,-1,1,-1,-1,2
4699,3,-1,1,1,-1,2
4700,3,-1,-1,-1,1,3
4701,5,-1,1,-1,-1,1
4702,4,1,1,1,-1,2
4703,-1,-1,-1,1,1,0
4704,1,-1,1,1,-1,1
4705,-1,-1,1,1,1,3
4706,1,-1,-1,1,1,0
4707,-1,-1,-1,-1,-1,4
4708,-1,-1,-1,-1,-1,4
4709,5,-1,1,-1,-1,2
4710,1,-1,1,1,1,0
4711,3,1,1,1,-1,2
4712,5,1,1,-1,-1,2
4713,2,1,1,1,-1,1
4714,3,-1,-1,1,1,3
4715,3,1,1,1,-1,1
4716,-1,-1,-1,-1,-1,4
4717,4,-1,1,1,1,3
4718,4,-1,1,1,-1,1
4719,4,-1,1,1,1,0
4720,-1,-1,1,1,1,0
4721,1,1,1,1,-1,1
4722,2,1,1,1,-1,2
4723,-1,-1,-1,-1,-1,4
4724,1,1,1,1,-1,2
4725,2,-1,1,1,-1,2
4726,1,-1,1,1,-1,2
4727,3,-1,-1,1,1,3
4728,1,-1,1,1,-1,1
4729,-1,-1,-1,-1,-1,4
4730,3,-1,1,1,-1,1
4731,2,-1,1,1,-1,2
4732,4,-1,1,1,-1,2
4733,1,-1,1,1,1,0
4734,3,-1,1,1,-1,1
4735,2,-1,1,1,-1,1
4736,-1,-1,-1,1,1,0
4737,3,-1,-1,1,1,0
4738,1,-1,1,1,-1,1
4739,4,-1,1,1,1,3
4740,1,-1,1,1,-1,2
4741,4,1,1,1,-1,2
4742,3,1,1,1,-1,2
4743,1,-1,1,1,-1,2
4744,1,1,1,1,-1,1
4745,2,-1,1,1,-1,1
4746,1,-1,1,1,-1,1
4747,1,-1,-1,1,1,0
4748,-1,-1,1,1,1,3
4749,3,-1,1,1,1,0
4750,-1,-1,-1,-1,-1,4
4751,1,-1,1,1,-1,1
4752,4,1,1,1,-1,1
4753,1,-1,1,1,-1,1
4754,3,-1,1,1,-1,1
4755,-1,-1,1,1,1,0
4756,2,1,1,1,-1,2
4757,-1,-1,1,1,1,0
4758,0,1,1,-1,-1,2
4759,-1,-1,1,1,1,0
4760,3,1,1,1,-1,1
4761,1,-1,1,1,-1,1
4762,3,-1,1,1,-1,1
4763,5,1,1,-1,-1,2
4764,-1,-1,-1,-1,-1,4
4765,-1,1,-1,-1,1,3
4766,1,-1,-1,1,1,0
4767,4,-1,-1,1,1,3
4768,3,-1,1,1,1,0
4769,-1,-1,-1,-1,-1,4
4770,3,1,1,1,-1,2
4771,5,1,1,-1,-1,2
4772,4,1,1,1,-1,2
4773,2,-1,1,1,-1,1
4774,3,1,1,1,-1,2
4775,4,-1,1,1,-1,1
4776,4,-1,1,1,-1,2
4777,3,1,1,1,-1,1
4778,-1,-1,-1,-1,-1,4
4779,3,-1,1,-1,1,3
4780,2,1,1,1,-1,2
4781,2,1,1,1,-1,1
4782,5,-1,1,-1,-1,1
4783,3,1,1,1,-1,1
4784,-1,-1,-1,1,1,3
4785,2,-1,1,1,-1,1
4786,1,-1,1,1,1,0
4787,1,-1,1,1,-1,1
4788,0,-1,-1,-1,1,3
4789,1,-1,1,1,-1,2
4790,1,1,1,1,-1,1
4791,2,1,1,1,-1,2
4792,3,-1,1,1,-1,1
4793,3,-1,-1,1,1,3
4794,-1,-1,-1,-1,1,3
4795,1,-1,-1,1,1,3
4796,1,-1,1,1,-1,2
4797,3,-1,1,1,1,0
4798,5,-1,1,-1,-1,1
4799,4,-1,1,1,1,0
4800,-1,-1,-1,1,1,0
4801,4,-1,-1,1,1,0
4802,3,1,1,1,-1,2
4803,4,-1,1,1,1,0
4804,-1,-1,-1,-1,-1,4
4805,1,1,1,1,-1,2
4806,3,-1,1,1,1,3
4807,5,1,1,-1,1,3
4808,0,1,-1,-1,1,3
4809,5,1,1,-1,-1,1
4810,5,1,1,-1,1,3
4811,4,-1,-1,1,1,3
4812,3,-1,1,1,1,0
4813,5,-1,1,-1,-1,2
4814,5,1,1,-1,-1,2
4815,-1,-1,1,-1,1,3
4816,0,-1,-1,-1,1,3
4817,3,-1,1,1,-1,1
4818,5,1,-1,-1,1,3
4819,3,1,1,1,-1,1
4820,3,-1,1,1,-1,1
4821,2,1,1,1,-1,1
4822,4,1,1,1,-1,2
4823,3,-1,-1,1,1,0
4824,5,1,1,-1,-1,2
4825,3,1,1,1,-1,2
4826,5,-1,1,-1,1,3
4827,1,-1,1,1,-1,1
4828,-1,-1,-1,1,1,0
4829,2,-1,1,1,-1,1
4830,-1,-1,-1,1,1,3
4831,2,-1,1,1,-1,1
4832,2,-1,1,1,-1,1
4833,-1,-1,-1,-1,-1,4
4834,4,-1,1,-1,1,3
4835,4,-1,1,1,-1,1
4836,4,1,1,1,-1,2
4837,4,-1,-1,1,1,3
4838,2,1,1,1,-1,0
4839,3,1,1,1,-1,2
4840,3,1,1,1,-1,1
4841,1,-1,1,1,-1,1
4842,3,1,1,1,-1,2
4843,5,-1,1,-1,-1,1
4844,2,-1,1,1,-1,1
4845,-1,-1,1,-1,1,3
4846,5,-1,1,-1,-1,1
4847,3,-1,1,1,-1,2
4848,4,-1,-1,1,1,3
4849,-1,-1,1,-1,1,0
4850,-1,-1,-1,-1,1,3
4851,1,-1,1,1,-1,2
4852,4,1,1,1,-1,2
4853,4,-1,1,1,-1,2
4854,1,-1,1,1,-1,2
4855,5,-1,1,-1,-1,1
4856,-1,-1,1,1,1,3
4857,-1,-1,-1,-1,-1,4
4858,-1,-1,1,1,1,0
4859,5,-1,1,-1,-1,1
4860,2,-1,1,1,-1,2
4861,-1,-1,1,1,1,0
4862,4,1,1,1,-1,2
4863,-1,-1,1,1,1,0
4864,4,-1,1,1,-1,2
4865,5,1,1,-1,-1,2
4866,-1,-1,-1,1,1,3
4867,4,-1,1,1,1,0
4868,1,-1,1,1,-1,1
4869,3,1,1,1,-1,2
4870,5,-1,1,-1,-1,2
4871,2,1,1,1,-1,1
4872,3,-1,1,1,-1,1
4873,-1,-1,-1,-1,1,0
4874,4,-1,-1,1,1,0
4875,-1,-1,-1,-1,-1,4
4876,-1,-1,-1,-1,1,3
4877,4,-1,1,1,-1,1
4878,3,-1,1,1,1,0
4879,0,-1,1,-1,1,3
4880,4,-1,1,1,-1,2
4881,4,-1,1,1,-1,1
4882,5,-1,1,-1,-1,1
4883,2,1,1,1,-1,2
4884,1,-1,1,1,-1,1
4885,4,1,1,1,-1,1
4886,2,-1,1,1,-1,1
4887,4,-1,1,1,-1,1
4888,5,-1,1,-1,-1,1
4889,5,-1,1,-1,-1,1
4890,3,-1,1,1,-1,2
4891,-1,1,-1,1,1,3
4892,1,-1,-1,-1,1,0
4893,1,-1,1,1,-1,1
4894,1,1,1,1,-1,2
4895,-1,-1,-1,1,1,3
4896,-1,-1,1,1,1,0
4897,-1,-1,-1,1,1,0
4898,1,-1,1,1,-1,1
4899,4,-1,1,1,1,0
4900,5,1,-1,-1,1,3
4901,2,-1,1,1,-1,1
4902,4,-1,1,1,1,3
4903,5,1,1,-1,-1,2
4904,5,1,1,-1,-1,2
4905,1,-1,1,1,-1,1
4906,1,-1,1,1,-1,2
4907,-1,-1,-1,1,1,0
4908,-1,-1,1,-1,1,3
4909,2,1,1,1,-1,2
4910,4,-1,-1,-1,1,3
4911,-1,-1,1,1,1,0
4912,-1,-1,-1,-1,-1,4
4913,-1,-1,1,-1,1,0
4914,5,-1,1,-1,-1,1
4915,1,-1,-1,1,1,0
4916,3,-1,1,1,1,0
4917,3,-1,-1,1,1,0
4918,5,-1,1,-1,-1,1
4919,-1,-1,1,1,1,3
4920,3,-1,1,1,1,0
4921,5,1,1,-1,-1,2
4922,5,-1,1,-1,-1,1
4923,3,-1,-1,1,1,0
4924,3,1,1,1,-1,2
4925,3,-1,1,1,1,0
4926,3,-1,-1,1,1,0
4927,1,-1,1,-1,1,0
4928,-1,-1,-1,-1,1,3
4929,3,-1,1,-1,1,3
4930,-1,-1,1,1,1,0
4931,-1,-1,1,-1,1,3
4932,-1,-1,1,1,1,3
4933,1,1,1,1,-1,2
4934,1,-1,1,1,1,0
4935,1,-1,1,1,1,0
4936,4,-1,1,1,1,0
4937,1,-1,-1,1,1,3
4938,4,1,1,1,-1,1
4939,2,1,1,1,-1,2
4940,-1,-1,1,1,1,0
4941,1,-1,1,1,1,3
4942,5,-1,-1,-1,1,3
4943,1,1,1,1,-1,2
4944,1,1,1,1,-1,1
4945,1,-1,1,1,1,0
4946,5,1,1,-1,-1,2
4947,5,-1,1,-1,-1,1
4948,1,1,1,1,-1,1
4949,3,1,1,1,-1,1
4950,2,1,1,1,-1,1
4951,1,-1,1,1,-1,1
4952,3,1,1,1,-1,1
4953,-1,-1,-1,1,1,3
4954,3,-1,1,1,-1,1
4955,2,1,1,1,-1,1
4956,4,-1,1,1,-1,1
4957,1,1,1,1,-1,2
4958,5,-1,1,-1,-1,1
4959,3,-1,1,1,-1,1
4960,-1,-1,-1,-1,-1,4
4961,3,-1,1,1,1,0
4962,4,-1,-1,1,1,0
4963,3,1,1,1,-1,1
4964,5,1,1,-1,-1,1
4965,3,1,1,1,-1,1
4966,4,-1,1,1,-1,2
4967,-1,-1,-1,-1,1,3
4968,3,-1,-1,1,1,0
4969,1,1,1,1,-1,1
4970,5,-1,1,-1,-1,1
4971,3,-1,1,1,-1,1
4972,3,-1,1,1,-1,2
4973,3,-1,1,1,1,3
4974,3,-1,1,1,-1,1
4975,1,1,1,1,-1,2
4976,-1,-1,-1,-1,-1,4
4977,1,-1,1,1,-1,1
4978,1,1,1,1,-1,2
4979,1,-1,1,1,-1,2
4980,-1,-1,1,1,1,0
4981,3,-1,1,-1,1,0
4982,-1,1,1,1,1,3
4983,-1,-1,1,1,1,0
4984,3,-1,1,1,-1,1
4985,4,-1,1,1,1,0
4986,-1,-1,1,1,1,0
4987,3,1,1,1,-1,2
4988,1,-1,1,1,-1,1
4989,1,1,1,1,-1,2
4990,-1,1,1,-1,1,3
4991,-1,-1,-1,1,1,3
4992,-1,-1,-1,1,1,0
4993,3,-1,-1,1,1,3
4994,-1,-1,1,1,1,0
4995,5,1,1,-1,-1,2
4996,3,1,1,1,-1,1
4997,4,-1,1,1,1,3
4998,4,-1,1,1,1,0
4999,2,1,1,1,-1,2
5000,-1,-1,-1,-1,-1,4
